Entry,Entry Name,Protein names,Gene Names,Organism,Length,Sequence,Annotation,source,ChEBI ID,Rhea ID,SMILES,UMAP 1,UMAP 2,Cluster Label
A0A7J7SC04,A0A7J7SC04_MYOMY,Hormone-sensitive lipase (EC 3.1.1.23) (EC 3.1.1.79) (Monoacylglycerol lipase LIPE) (Retinyl ester hydrolase),mMyoMyo1_007740,Myotis myotis (Greater mouse-eared bat),761,MDLRTMTQSLVTLAEDNMAFFSSQGPGETARRLSSVFAGVREQALGLEPALGRLLGVAHLFDLDAETPANGYRSLVHTARCCMAHLLHKSRYVASNRRSIFFRTSHNLAELEAYLAALTQLRALTYYAQRLLATNRPGGLFFEGDEGLTTDFLREYVTLHKGCFYGRCLGFQFTPAIRPFLQTLSIGLVSFGEHYKRNETGLSVAASSLFTGGRFAIDPELRGAEFERITQNLDVHFWKAFWNITEIEVLSSLANMASATVRVSRLLSLPPEAFEMPLTTDPKLTVTIPPPLAHMGPAPVLVRLISYDLREGQDSEELSSLVKSEGPRTLELWPRPQQAPRSRYLVVHIHGGGFVAQTSKSHEPYLKTWAQELGVPILSIDYSLAPEAPFPRALEECFYAYCWAIKNCALLGSTGERICLAGDSAGGNLCFTVSLRAAAYGVRVPDGIMAAYPATMLQPTASPSRLLSLMDPLLPLSVLSKCVSAYAGGETEEPSNSDQKALGMMGLVQRDTALLFRDLRLGASSWLNSFLELSGRKSPRDSVPIAESMRRSVSEAALDQPEDPQGTDSLKNLTLHDLSLKSSSETSGTSELSLSAETLGPSKSSDVNFLLRCEDTSEEAEAQDELSPEDRGRGIRATFPKGFRPRRSSQGPTQMPIYSSPIAKNPFMSPLLAPESMLQTLPPVHIVACALDPMLDDSVMFARRLRSLGKPVTLRVVEDLPHGFLSLAALCRETRQAAALCVERIRLVLTPPGTTAPAAAV,5,ChEBI,46898; 16113,33875,[H][C@@]1(CC[C@@]2([H])[C@]3([H])CC=C4C[C@H](CC[C@]4(C)[C@@]3([H])CC[C@]12C)OC(=O)CCCCCCC\C=C/CCCCCCCC)[C@H](C)CCCC(C)C; C1[C@@]2([C@]3(CC[C@]4([C@]([C@@]3(CC=C2C[C@H](C1)O)[H])(CC[C@@]4([C@H](C)CCCC(C)C)[H])[H])C)[H])C,3.274265,-11.706495,0
A0A665VL26,A0A665VL26_ECHNA,Sterol carrier protein 2 (EC 2.3.1.155) (EC 2.3.1.16) (EC 2.3.1.176) (Acetyl-CoA C-myristoyltransferase) (Non-specific lipid-transfer protein) (Propanoyl-CoA C-acyltransferase) (SCP-2/3-oxoacyl-CoA thiolase) (SCP-2/thiolase) (SCP-chi) (Sterol carrier protein X),LOC115057963,Echeneis naucrates (Live sharksucker),541,MAPAKNNNRVFVIGVGMTKFDKPGAQENRDYPDMAKEAGQKALADAGIPYSAIEQACVGYVYGDSTCGQRAIYHSLGLTGIPIINVNNNCSTGSTALFMARQLVLGGLADCVLALGFEKMERGSLSSKYMDRTNPMDKHMEVMINRYGMVAAPAAPQMFGNAGREHMEKYGTKQEHFAKIAWKNHKHSTNNPYSQFQEEYSLEQVMNSRKVFDYLTLLQCCPTSDGAGAAVLASEAFVRKHHLENQAVEIVAQEMVTDLTSTFEENSCIKMVGYDMSRLAAKKCYEAAGLKPSDVDVVELHDCFSANELITYEALGLCPEGKAGELIDRGDNTYGGKFVVNPSGGLISKGHPLGATGLAQCAELCWQLRGQAGKRQVPGAKVALQHNIGLGGAVVVALYRMGFPQEARSRVAAVFTSSGSGLEGFKAYPVFKEIEKRLKEEGEQLVKKMGGVFAFKVKDGPDGKEGTWVVDVKSGKGSVTNDPDKKADCTISISDTDLLELMTGKLNPQMAFFKGKLKISGNMGMAMKLQNLQITPGKAKL,5,ChEBI,17759,62960,[H][C@@]1(CC[C@@]2([H])C3=CC=C4C[C@@H](O)CC[C@]4(C)[C@@]3([H])CC[C@]12C)[C@H](C)CCCC(C)C,11.713522,10.388051,1
A0A7J8AZI6,A0A7J8AZI6_PIPKU,Cytochrome P450 1A (EC 1.14.14.1),mPipKuh1_003521,Pipistrellus kuhlii (Kuhl's pipistrelle),487,MLYVFGSSIPISATELLLASTTFCLVFWVFRAWKPRVPKGLKSPPGPWGWPLLGHVLTLGKNPHLALSRLSQRYGDVLEIRIGSTPVLVLSGLDTIRQALVRQADDFKGRPDFYSFTLISDGQSMTFNPDSGPVWAARRRLAQNALKSFSIASDPTSSSSCYLEEHVSKEAEVLISKFQELMARVGHFDPYRYVVVSVANVICAMCFGQRYDHDDQELLSIVNLSNEFGEVVASGNPTDFFPILRYLPNSALNIFKDLNKKIYIFIQKMVKEHYKTFEKGHIRDITDSLIEHCQEKKLDENANSQLSDEKIVSVVLDLFGAGFDTVTTAISWSLMYLVTRPGVQKMIQEELDTVVGRVRRPQLSDRPQLPYLEAFILETFRHSSFVPFTIPHRKLWDDPSEFRPERFLTPNGTINKALSEQVILFGLGKRRCIGENIARFEVFLFLAIMLQQVEFSMSPGVKVDMTPIYGLTMKHARCEHFQVQVRS,5,ChEBI,17263; 1156; 87602; 16469; 62845; 28744,47208; 47292; 47280; 47212,[H][C@]12CC[C@]3(C)C(=O)CC[C@@]3([H])[C@]1([H])CCc1cc(O)ccc21; [H][C@]12CC[C@]3(C)C(=O)CC[C@@]3([H])[C@]1([H])CCc1cc(O)c(O)cc21; C[C@]12CC[C@H]3[C@@H](CCc4c(O)c(O)ccc34)[C@@H]1CCC2=O; [H][C@]12CC[C@]3(C)[C@@H](O)CC[C@@]3([H])[C@]1([H])CCc1cc(O)ccc21; [H][C@]12CC[C@]3(C)[C@@H](O)CC[C@@]3([H])[C@]1([H])CCc1c(O)c(O)ccc21; [H][C@]12CC[C@]3(C)[C@@H](O)CC[C@@]3([H])[C@]1([H])CCc1cc(O)c(O)cc21,0.33292952,10.912875,2
A0A8C4QK54,A0A8C4QK54_EPTBU,Hedgehog protein,,Eptatretus burgeri (Inshore hagfish),418,MAFVGISWPRCLCFALLCAHHAVGCGPGRGYGRRRFSRKLSPLTYKQFVPNVVEKTLGASGRVQGKITRSSTRFRELTANYNPDIIFKDEEKTGADRLMTQRCKDRLNALAISVMNQWPGVKLRVTEGWDEDGHHSDGSLHYEGRAVDVTTSDRDRGKYGMLARLAVEAGFDWVFYESKAHVHCSVKAENSAAARSGGCFPGTSWVRVSTGKKRLLKDLRPGDRVLAADQGGRPVYSDFITFLDVQSTAKNLFLRVLTMNPRRRLLLTPAHLVFVSTGRAWRPGARFASGVRPGYFVETLPRGPGWKLQVAKVESVSMVQAHGAYAPLTTHGNILVDDVLASCYAAVELHSVAHVALAPLRWAFTFGSAFSSPSSNSTEEHQLEGLHWYPRLLHSLGRLLLGPEVLHPLALPPPLSPG,5,ChEBI,16113; 143135,59504,C1[C@@]2([C@]3(CC[C@]4([C@]([C@@]3(CC=C2C[C@H](C1)O)[H])(CC[C@@]4([C@H](C)CCCC(C)C)[H])[H])C)[H])C; C1[C@@]2([C@]3(CC[C@]4([C@]([C@@]3(CC=C2C[C@H](C1)OC(CN*)=O)[H])(CC[C@@]4([C@H](C)CCCC(C)C)[H])[H])C)[H])C,19.380644,-5.7524486,3
A0A8C0XKC6,A0A8C0XKC6_CASCN,Organic anion transporter 3 (Organic anion/dicarboxylate exchanger) (Solute carrier family 22 member 8),Slc22a8,Castor canadensis (American beaver),538,MTFSEILDRVGSMGPFQYLHVTLLALPILGMANHNLLQIFTATTPPHHCRPPPNASSGPWVLPTGPNGKPEKCLRFVHLPNGSLSNETQRATEPCLDGWVYNSTRDTFVMEWDLVCSSGKLKEMAQSIFMAGILIGGPTFGELSDRFGRKPILTCSYLLLAASGLSASFSPNLLIYMIFRFLCGCSISGISLSTVILNVEWVPTGMRAISSTTIGYFYTIGQFILSGLAYAIPQWRWLQLTVSLPFFIFSLTSWWTPESIRWMVLSGKSSKALKTLRRVAAFNGKKEEGEKLSLEELKFNLQKDISLAKVKYGLPDLIRIPILRRVTFCLILAWFSTGFAYYSLAMGVEEFGVNLYILQIIFGGVDIPAKFITIISLSYLGRRLTLAIVLLLAGGAILALIFVPLDMQTLRTALAVFGKGCLSSSFTCLFLYTSELYPTVIRQTGMGVSNLWARVGSMVAPLAKITGEIQPFIPNVIYGTSTILGGTAAFFLLETLNRPLPETIEDMESWLQQAKGTKQEPEAEKASQRIPLKPRGPS,5,ChEBI,60050; 36257; 57905,72399; 72159; 72543,[H][C@]12CC[C@]3(C)C(=O)CC[C@@]3([H])[C@]1([H])CCc1cc(OS([O-])(=O)=O)ccc21; [H][C@@]12C[C@H](O)CC[C@]1(C)[C@@]1([H])C[C@H](O)[C@]3(C)[C@]([H])(CC[C@@]3([H])[C@]1([H])[C@H](O)C2)[C@H](C)CCC(=O)NCCS([O-])(=O)=O; C1[C@@]2([C@@]([C@@]3(C(C[C@@H](OS([O-])(=O)=O)CC3)=C1)C)(CC[C@]4([C@]2(CCC4=O)[H])C)[H])[H],5.2152157,-1.7930233,4
W5NRX6,W5NRX6_SHEEP,"Steroid 17-alpha-hydroxylase/17,20 lyase (EC 1.14.14.19) (EC 1.14.14.32) (17-alpha-hydroxyprogesterone aldolase) (CYPXVII) (Cytochrome P450 17A1) (Cytochrome P450-C17) (Steroid 17-alpha-monooxygenase)",,Ovis aries (Sheep),409,ATLDILSDNQKGIAFADHGAHWQLHRKLVLNAFALFKDGNLKLEKIINQEANVLCDFLATQHGQSIDLSEPLSLAVTNIISFICFNFSFKNEDPALKAIQNVNDGILEVLSKEVLLDIFPALKIFPSKAMEKMKGCVETRNELLSEILEKCQENFTSDSITNLLHILMQAKVNADNNNTGPEQDSKLLSNRHMLATIADIFGAGVETTTSVIKWIVAYLLHHPSLKKRIQDSIDQNIGFNRTPTISDRNRLVLLEATIREVLRIRPVAPMLIPHKAIIDSSIGDLTIDKGTDVVVNLWALHHNEEWQQPDLFMPERFLDPTGTQLISPSLSYLPFGAGPRSCVGEMLARQELFLFMSRLLQRFNLEIPDDGKLPSLEGNPSLVLQIKPFKVKIEVRQAWKEAQAEGSTS,5,ChEBI,137049; 27771; 17252; 16422; 16581; 28750; 28689; 61313; 138141; 763; 27582; 17026; 137046,53224; 14753; 50236; 47220; 65760; 53216; 53228; 46308; 53220,C1[C@@]2([C@]3(CC[C@]4(C)[C@]([C@@H](C[C@]4([C@@]3(CC=C2C[C@H](C1)O)[H])[H])O)(C(=O)C)O)[H])C; [H][C@@]12CC=C3C[C@@H](O)CC[C@]3(C)[C@@]1([H])CC[C@]1(C)C(=O)[C@H](O)C[C@@]21[H]; [H][C@@]12CC[C@](O)(C(C)=O)[C@@]1(C)CC[C@@]1([H])[C@@]2([H])CCC2=CC(=O)CC[C@]12C; [H][C@@]12CCC3=CC(=O)CC[C@]3(C)[C@@]1([H])CC[C@]1(C)C(=O)CC[C@@]21[H]; [H][C@@]12CC=C3C[C@@H](O)CC[C@]3(C)[C@@]1([H])CC[C@]1(C)[C@H](CC[C@@]21[H])C(C)=O; CC(=O)[C@@]1(O)CC[C@H]2[C@@H]3CC=C4C[C@@H](O)CC[C@]4(C)[C@H]3CC[C@]12C; [H][C@@]12CC=C3C[C@@H](O)CC[C@]3(C)[C@@]1([H])CC[C@]1(C)C(=O)CC[C@@]21[H]; C1CCCC2C1(C3C(CC2)C4C(CC3)(C(CC4)CC)C)C; C1CCCC2C1(C3C(CC2)C4C(CC3)([C@](CC4)(CC)O)C)C; [H][C@@]12CCC3=CC(=O)CC[C@]3(C)[C@@]1([H])CC[C@@]1(C)[C@@]2([H])C[C@@H](O)[C@]1(O)C(C)=O; [H][C@@]12CCC3=CC(=O)CC[C@]3(C)[C@@]1([H])CC[C@]1(C)C(=O)[C@H](O)C[C@@]21[H]; [H][C@@]12CCC3=CC(=O)CC[C@]3(C)[C@@]1([H])CC[C@]1(C)[C@H](CC[C@@]21[H])C(C)=O; C1[C@@]2([C@@]([C@]3(CCC(C=C3[C@@H]1O)=O)C)(CC[C@]4([C@]2(C[C@H]([C@]4(O)C(C)=O)O)[H])C)[H])[H],3.552237,15.998413,5
G9L0D3,G9L0D3_MUSPF,Lanosterol 14-alpha demethylase (EC 1.14.14.154) (CYPLI) (Cytochrome P450 51A1) (Cytochrome P450-14DM) (Cytochrome P450LI),,Mustela putorius furo (European domestic ferret) (Mustela furo),502,MVLLGLLQAGGSVLGQAMERVTGGNLLSMLLIACAFTLGLVYLFRLAVGHLAPLPAGVKSPPYIFSPIPFLGHAIAFGKSPIEFLENAYEKYGPVFSFTMVGKTFTYLLGSDAAALLFNSKNEDLNAEDVYSRLTTPVFGKGVAYDVPNPVFLEQKKMLKSGLNIAHFRQHVSIIEKETKEYFQSWGESGEKNLFEALSELIILTASHCLHGKEIRSQLNEKVAQLYADLDGGFSHAAWLLPGWLPLPSFRRRDRAHREIKNIFYKAIQKRRQSEEKIDDILQTLLDSTYKDGRPLTDDEVAGMLIGLLLAGQHTSSTTSAWMGFFLARDKTLQEKCYLEQKTVCGEHLPPLTYDQLKDLNLLDRCIKETLRLRPPIMTMMRMAKTPQTVAGYTIPPGHQVCVSPTVNQRLKDSWVERLDFNPDRYLQDNPASGEKFAYVPFGAGRHRCIGENFAYVQIKTIWSTMLRLYEFDLIDGYFPTVNYTTMIHTPENPVIRYKRRS,5,ChEBI,28113; 78904; 87057; 87060; 166806; 166681; 176902; 138031; 176901; 138029; 16521; 17813,45960; 75087; 75107; 68068; 68064; 54028; 75103; 75111,[H][C@@]1(CC[C@@]2(C)C3=C(CC[C@]12C)[C@@]1(C)CC[C@H](O)C(C)(C)[C@]1([H])CC3)[C@H](C)CCCC(C)C; CC(C)CCC[C@@H](C)[C@H]1CC=C2C3=C(CC[C@]12C)[C@@]1(C)CC[C@H](O)C(C)(C)[C@@H]1CC3; CC(C)CCC[C@@H](C)[C@H]1CC[C@@]2(CO)C3=C(CC[C@]12C)[C@@]1(C)CC[C@H](O)C(C)(C)[C@@H]1CC3; CC(C)CCC[C@@H](C)[C@H]1CC[C@@]2(C=O)C3=C(CC[C@]12C)[C@@]1(C)CC[C@H](O)C(C)(C)[C@@H]1CC3; OC[C@]12[C@@]([C@](CC1)([C@@H](CCC=C(C)C)C)[H])(CCC=3[C@@]4([C@](C([C@@H](O)CC4)(C)C)(CCC23)[H])C)C; O[C@@H]1C([C@]2([C@@](C3=C([C@]4([C@@]([C@](CC4)([C@@H](CCC=C(C)C)C)[H])(CC3)C)C=O)CC2)(CC1)C)[H])(C)C; CC12CCC3C(CCC4CCCCC34C)[C@@]1(CCC2[*])C=O; C12C(C=3C(C(CC3)*)(C)CC1)CCC4C2(CCCC4)C; C12C([C@]3(C(C(CC3)*)(C)CC1)CO)CCC4C2(CCCC4)C; C12C([C@]3(C(C(CC3)*)(C)CC1)C)CCC4C2(CCCC4)C; [H][C@@]1(CC[C@@]2(C)C3=C(CC[C@]12C)[C@@]1(C)CC[C@H](O)C(C)(C)[C@]1([H])CC3)[C@H](C)CCC=C(C)C; [H][C@@]1(CC=C2C3=C(CC[C@]12C)[C@@]1(C)CC[C@H](O)C(C)(C)[C@]1([H])CC3)[C@H](C)CCC=C(C)C,18.655075,3.4523766,6
A0A9Q0I6J4,A0A9Q0I6J4_9TELE,Broad substrate specificity ATP-binding cassette transporter ABCG2 (EC 7.6.2.2) (ATP-binding cassette sub-family G member 2) (Urate exporter),NHX12_014120,Muraenolepis orangiensis (Patagonian moray cod),542,MKERRGRMELPQLQEGGEETNGSTKQQTAAPGEHLQGATMSFHNIHYKVQQGGCLSRKKVSKDILIDLNGIMKPGLNAIMGATGSGKSSFLDVLAARKDPVGLSGEVLIDGVPQPPNFKCLSGYVVQDDVVMGTLTVRENFRFSAALRLPTSVSQQEKEQQVEQLIQQLGLTKVADSKVGTQLIRGVSGGERKRTNIGMELIINPHVLFLDEPTTGLDASTANSVLLLLKRISQNGRTIILSIHQPRFSIYRLFDSLTLLVNGKQVFHGPAQNALGYFSDIGYTCEPHNNPADFFLDVINGDSTAGSSRHVEELLVQEYRSSSYFKDTKAELERISKEKAVVTAPASRTITYTTGFLTQFKWVLKRTFKNLLLNPQTSIAQVRSFVLHHSELFISERKIFTHEYISGYYRLSVYFLCKILSDILSLRTIPAIIFSCISYFMIGLKASPSAFFIFMFTLALVAYAATSLTMAISADQTVYFSIPRYGLSALQINECTGEAFLSGQGIDYSTWGLWQNHMALVIMTFIFLFIAYVKLHFIKKFT,5,ChEBI,82961; 57905; 60050,60128; 61364; 61348,C[C@]12CC[C@H]3[C@@H](CCc4cc(O)ccc34)[C@@H]1CC[C@@H]2O[C@@H]1O[C@@H]([C@@H](O)[C@H](O)[C@H]1O)C([O-])=O; C1[C@@]2([C@@]([C@@]3(C(C[C@@H](OS([O-])(=O)=O)CC3)=C1)C)(CC[C@]4([C@]2(CCC4=O)[H])C)[H])[H]; [H][C@]12CC[C@]3(C)C(=O)CC[C@@]3([H])[C@]1([H])CCc1cc(OS([O-])(=O)=O)ccc21,0.8562229,3.076605,7
Q67ZE1,HSDD2_ARATH,"3beta-hydroxysteroid-dehydrogenase/decarboxylase isoform 2 (At3BETAHSD/D2) (EC 1.1.1.418) (4alpha-carboxysterol-C3-dehydrogenase/C4-decarboxylase isoform 1-2) (Reticulon-like protein B19) (AtRTNLB19) (Sterol-4-alpha-carboxylate 3-dehydrogenase 2, decarboxylating)",3BETAHSD/D2 RTNLB19 At2g26260 T1D16.10,Arabidopsis thaliana (Mouse-ear cress),564,MSPAATETERWCVVTGGRGFAARHLVEMLVRYEMFCVRIADLAPAIMLDPQEGNGVLDEGLRSGRVQYISADLRDKSQVVKAFQGAEVVFHMAAPDSSINNHQLQYSVNVQGTQNVIDACVDVGVKRLIYTSSPSVVFDGVHGILNGTESMAYPIKHNDSYSATKAEGEELIMKANGRNGLLTCCIRPSSIFGPGDRLLVPSLVAAARAGKSKFIIGDGNNLYDFTYVENVAHAHVCAERALASGGDVSTKAAGQAYFITNMEPIKFWEFMSQLLDGLGYERPSIKIPAFIMMPIAHLVELTYKVLGPYGMTVPQLTPSRVRLLSCSRTFDSTKAKDRLGYAPVVPLQEGIRRTIDSFSHLTAGSQSKREGPSKASRILGGGKVADTLLWKDLKQTLIAIFILISIYYNFVATGSTVVTALSKALLVASVFLFLHGILPEKIFGYTVEKIPASQFHLSKDSSHDLSLSVISSWNTTVKALRSLCQGNDWSFFFKVVFVLLALSLAGAISLHSIFVIGLPIAFLAFLVYEKKEQEIDSIVVSFKSFACKHKSDVYEKLFGSKKHD,5,ChEBI,136966; 47788; 142916; 142915,34775; 59016,C12C(C3C(C(CC3)*)(C)CC1)CCC4C2(CC[C@@H]([C@H]4C([O-])=O)O)C; C12C(C3C(C(CC3)*)(C)CC1)CCC4C2(CCC(C4)=O)C; [C@]123[C@@]4([C@]([C@]([C@@H](O)CC4)(C)C(=O)[O-])(CC[C@]1([C@]5([C@@]([C@@]([C@@H](CCC(C(C)C)=C)C)(CC5)[H])(CC2)C)C)[H])[H])C3; [C@]123CCC(=O)[C@@H](C)[C@]1([H])CC[C@]4([H])[C@@]2(C3)CC[C@@]5([C@](CC[C@@]45C)([C@@H](CCC(C(C)C)=C)C)[H])C,11.056499,3.1199012,8
A0A814M8T0,A0A814M8T0_ADIRI,Hormone-sensitive lipase (EC 3.1.1.23) (EC 3.1.1.79) (Monoacylglycerol lipase LIPE) (Retinyl ester hydrolase),EDS130_LOCUS18694,Adineta ricciae (Rotifer),819,MKTTAMSNSTDMEITEEPPSKAEKSKSSDGPFRSITDRFPIGTLTAAGGRLMSCLSKQSPVVTTKRKYTISANNNERSSLFQLSSSASATAIRTSTTTPSHLNRLPRTIQTSLTPPTPDTVGLDYNFDLTYTKLRELADTNCKYFSQQKTDVCRRFEHLLIQLLQSIDTSMPHIRYLTDNFHHFDYSAEIRANGYRALVVAHGQACLRTLDILQQVDTKRVGLLFNLMYSSRLFQDLESWTKALIAMQRIIALAAKMVDYSKKTVLYVDADHVPLDIELDYFKMVAYDSEYFFGRTCGFQFASSMQTMLTFLLAGLATYYETFNRSIPYAAASIATAPKYILFPEQRAKKCASIFRDSDYLFCKAFWNIVDHDYVKMGSRYIVPNVTVSKYFQIGPEPIEIGSVVVPPPTARPDNIEEPKERAVGNIGAGSDNPTGSGSEQPGQLVNIKLLSNEIREGMEELPLRKVDLEIASTKTLPMSDHLLVHIHGGGFIATSSSTHEIYLKPWALNFEIPIVSIDYSLAPEYPYPRAIEECYYAYAWILKNANKLGWNGKTLLLVGDSAGGNLVTIVTMKAIEAGLRKPDGIICFYTPFLLGYSMSPSRLMAIMDPLLNTGFLWRCLAAYAGIKADEEPAHDDLESAATSEDTGDTPAGKRRKIEKTLSSSDETAIDAAKLSTTNQNPEYIRDDTYYTRLGDIMGSRQAKLLRKLRESTLPNNPYMSPLRASDDVLRQFPTTYLVPCARDPFIDDNVEFARRLRDLKVPHHLTVVDEWPHGFLDFGFAATEIAQYNIEIIEMMKKIMQQSSENPGDVAAVPSRID,5,ChEBI,46898; 16113,33875,[H][C@@]1(CC[C@@]2([H])[C@]3([H])CC=C4C[C@H](CC[C@]4(C)[C@@]3([H])CC[C@]12C)OC(=O)CCCCCCC\C=C/CCCCCCCC)[C@H](C)CCCC(C)C; C1[C@@]2([C@]3(CC[C@]4([C@]([C@@]3(CC=C2C[C@H](C1)O)[H])(CC[C@@]4([C@H](C)CCCC(C)C)[H])[H])C)[H])C,0.9954424,-6.5987587,9
A2I5E3,A2I5E3_LEUER,Hedgehog protein,Shh,Leucoraja erinacea (Little skate) (Raja erinacea),417,MMLTRIVLVGLVCCSLFSSARACGPGRGYGRRKHPRKLTPLAYKQFIPNVAEKTLGASGRYEGKITRNSERFKELTPNYNPDIIFKDEENTGADRLMTQRCKDKLNSLAISVMNQWPGVKLRVTEGWDEDGHHSEESLHYEGRAVDITTSDRDRSKYGMLARLAVEAGFDWVNYESKAHIHCSVKAENSVAAKSGGCFPASARVSLENGDTKQVKDLTPGDRVLAADERGNLLYSDFVMFLDRAEEVEKVFYVVETREPRRKLALTAAHLLFVGHATNDGQLGLKATFASKVRSGQLVYITDGDSHRLRPARVDKVYLEEMIGAYAPLTIQGTVVIDQVLTSCYAVIEEHSLAHWAFAPVRMRYTARSLLLPSDPPAVNCTVQAGGVHWYSSALYQIGRWVLNGASIHPLGMALDSS,5,ChEBI,16113; 143135,59504,C1[C@@]2([C@]3(CC[C@]4([C@]([C@@]3(CC=C2C[C@H](C1)O)[H])(CC[C@@]4([C@H](C)CCCC(C)C)[H])[H])C)[H])C; C1[C@@]2([C@]3(CC[C@]4([C@]([C@@]3(CC=C2C[C@H](C1)OC(CN*)=O)[H])(CC[C@@]4([C@H](C)CCCC(C)C)[H])[H])C)[H])C,16.447096,-9.126911,10
P23457,DIDH_RAT,3-alpha-hydroxysteroid dehydrogenase (3-alpha-HSD) (EC 1.1.1.50) (Hydroxyprostaglandin dehydrogenase),Akr1c9,Rattus norvegicus (Rat),322,MDSISLRVALNDGNFIPVLGFGTTVPEKVAKDEVIKATKIAIDNGFRHFDSAYLYEVEEEVGQAIRSKIEDGTVKREDIFYTSKLWSTFHRPELVRTCLEKTLKSTQLDYVDLYIIHFPMALQPGDIFFPRDEHGKLLFETVDICDTWEAMEKCKDAGLAKSIGVSNFNCRQLERILNKPGLKYKPVCNQVECHLYLNQSKMLDYCKSKDIILVSYCTLGSSRDKTWVDQKSPVLLDDPVLCAIAKKYKQTPALVALRYQLQRGVVPLIRSFNAKRIKELTQVFEFQLASEDMKALDGLNRNFRYNNAKYFDDHPNHPFTDE,5,ChEBI,36835; 47788,34783,C12C(C3C(C(CC3)*)(C)CC1)CCC4C2(CC[C@H](C4)O)C; C12C(C3C(C(CC3)*)(C)CC1)CCC4C2(CCC(C4)=O)C,-8.370973,8.809801,11
H0XY27,H0XY27_OTOGA,Acyl-coenzyme A diphosphatase NUDT19 (Nucleoside diphosphate-linked moiety X motif 19),NUDT19,Otolemur garnettii (Small-eared galago) (Garnett's greater bushbaby),361,RSGPSSWRLAATLVLAAGGTRPSAAAPSSAEGFRLLLLQRSPNQGFMPGAHVFPGGVLDAADRSADWLRLFAPHQGPPRFGLGPAPPRRAAFPVLPDAANGDAGALPDDVAFRICAIREAFEEAGVLLLRPRGALSAPEPRRALALPPGLADWRDRVRRDPHHFLRLCAHLDCTPDIWALHDWSAWLTPFYRGATRRFNTTFFLCCLREPPSVHPDLAEVVGCQWLSPSEATERFISKEIWLAPPQFYELRRLENFASLSDLHKFCLDRALEGLERWLPITLLTADGSLQLLPGDELYLEDSTFLEKFLSTEKTTEEIMKEGETFHRIVLYDRHLYDIHVTVQSKCKHVYPQNYVATKSRL,5,ChEBI,132020,50036,C1[C@@]2([C@]3(C[C@@H]([C@]4([C@]([C@@]3([C@@H](C[C@@]2(C[C@@H](C1)O)[H])O)[H])(CC[C@]4([H])[C@@H](CCC(SCCNC(CCNC(=O)[C@@H](C(COP([O-])(=O)[O-])(C)C)O)=O)=O)C)[H])C)O)[H])C,9.832981,20.936138,12
A0A480NPV8,A0A480NPV8_PIG,Cytochrome P450 1A (EC 1.14.14.1),,Sus scrofa (Pig),347,MFSVFGLPIPISATELLLASAIFCLVFWVVRTWQPQVPKGLKSPPGPWGWPLLGHVLTLGKSPHLALARLSQRYGDVLQIRIGCTPVLVLSGLDTIRQALVRQGDDFKGRPNLYSFTLVTDGQSMTFNPDSGPVWAARRRLAQKALNTFSIASDPASSSSCYLEDHVSKEAECLLGKFQELMAGPGHFDPYDHIVVSVGRVIGAMCFGKGFPQSSEEMFSIVKNSHEFVETASSGNPVDFFPILRYLPSPTLQRFKSFNQRLLQFLRKMVQERYRDFDKNCIQDITSALFKHSEENSSTSGGLISQEKTINLVNDIFGAGRSQTPAPPSLSSPAVHPLPCLAPRAIR,5,ChEBI,17263; 1156; 87602; 16469; 62845; 28744,47208; 47292; 47280; 47212,[H][C@]12CC[C@]3(C)C(=O)CC[C@@]3([H])[C@]1([H])CCc1cc(O)ccc21; [H][C@]12CC[C@]3(C)C(=O)CC[C@@]3([H])[C@]1([H])CCc1cc(O)c(O)cc21; C[C@]12CC[C@H]3[C@@H](CCc4c(O)c(O)ccc34)[C@@H]1CCC2=O; [H][C@]12CC[C@]3(C)[C@@H](O)CC[C@@]3([H])[C@]1([H])CCc1cc(O)ccc21; [H][C@]12CC[C@]3(C)[C@@H](O)CC[C@@]3([H])[C@]1([H])CCc1c(O)c(O)ccc21; [H][C@]12CC[C@]3(C)[C@@H](O)CC[C@@]3([H])[C@]1([H])CCc1cc(O)c(O)cc21,-0.42785445,12.510836,13
A0A834IX47,A0A834IX47_RHYFE,Sterol carrier protein 2 (EC 2.3.1.155) (EC 2.3.1.16) (EC 2.3.1.176) (Acetyl-CoA C-myristoyltransferase) (Non-specific lipid-transfer protein) (Propanoyl-CoA C-acyltransferase) (SCP-2/3-oxoacyl-CoA thiolase) (SCP-2/thiolase) (SCP-chi) (Sterol carrier protein X),GWI33_004471,Rhynchophorus ferrugineus (Red palm weevil) (Curculio ferrugineus),544,MVRVFVVGVGMTKFEKPGKKEGDYPDWGKEAILQALNDSGVKIEEVELATAGFVYGDSTSGQRVIYEVGMTGIPIFNVNNNCSTGSSALLLAKEMVECGKCECALAVGFEKMQRGSLGSVFHDRSNPMEKHVEIMSEIAEMDGSPVTAQMFGNAGIEHMQKYGTKPEHFAKIAYKNHKHSVNNPKSQFRDEYSLEQILNSPKVFGPLTKLQCCPTSDGAAAAIVVSENFVKAHKLERKAVEILGMEMATDLQSTFKDRSLLKLVGYDMTKLAADRLYKKTNKSPQSVQVVELHDCFSANELITYEALGLCGQGEAGAFIDRGDNTYGGKFVVNPSGGLISKGHPLGATGLAQCAELCWQLRGEAGPRQVPNAKLALQHNIGLGGAVVVALYQLGFPSTQNSNPTNLNSTSASSEEDSFTAAPYLKILQQAMLEDEDKLIEKHRAIYGLKVVKNNGQEGFWIINAKVGKGTIEFNSKVKPDVTFTVKDEDIIDLLTGKIQPQRAFFQGKVKIQGNMGLALKLTQLQQSAAAKIEALRAKHLKSKL,5,ChEBI,17759,62960,[H][C@@]1(CC[C@@]2([H])C3=CC=C4C[C@@H](O)CC[C@]4(C)[C@@]3([H])CC[C@]12C)[C@H](C)CCCC(C)C,9.748387,7.3401775,14
O88822,SC5D_MOUSE,Lathosterol oxidase (EC 1.14.19.20) (C-5 sterol desaturase) (Delta(7)-sterol 5-desaturase) (Delta(7)-sterol C5(6)-desaturase) (Lathosterol 5-desaturase) (Sterol-C5-desaturase),Sc5d Sc5dl,Mus musculus (Mouse),299,MDLVLSAADYYFFTPYVYPATWPEDNIIRQTISLLIVTNLGAYILYFFCATLSYYFVYDHSLMKHPQFLKNQVSREIVFTVKSLPWISIPTVSLFLLELRGYSKLYDDIGDFPNGWIHLMVSVVSFLFFTDMLIYWIHRGLHHRLVYKRIHKPHHIWKIPTPFASHAFHPVDGFLQSLPYHIYPFVFPLHKVVYLGLYVLVNVWTISIHDGDFRVPQILRPFINGSAHHTDHHMFFDYNYGQYFTLWDRIGGSFKHPSSFEGKGPHSYVKNMTEKESNSFAENGCKGKKVGNGEFTKNK,4,,16290; 27910; 17168; 17759; 138130; 138131,47184; 46556; 54320,[H][C@@]12CC=C3[C@]4([H])CC[C@]([H])([C@H](C)CCC=C(C)C)[C@@]4(C)CC[C@]3([H])[C@@]1(C)CC[C@H](O)C2; [H][C@@]1(CC[C@@]2([H])C3=CC=C4C[C@@H](O)CC[C@]4(C)[C@@]3([H])CC[C@]12C)[C@H](C)CCC=C(C)C; [H][C@@]12CC=C3[C@]4([H])CC[C@]([H])([C@H](C)CCCC(C)C)[C@@]4(C)CC[C@]3([H])[C@@]1(C)CC[C@H](O)C2; [H][C@@]1(CC[C@@]2([H])C3=CC=C4C[C@@H](O)CC[C@]4(C)[C@@]3([H])CC[C@]12C)[C@H](C)CCCC(C)C; C12C(C3C(C(CC3)*)(C)CC1)=CCC4C2(CCC(C4)O)C; C12C(C3C(C(CC3)*)(C)CC1)=CC=C4C2(CCC(C4)O)C,-8.603874,-1.2720557,15
G1R4S7,G1R4S7_NOMLE,NPC intracellular cholesterol transporter 1,NPC1,Nomascus leucogenys (Northern white-cheeked gibbon) (Hylobates leucogenys),1221,MSARGLALGLLLLLLCPAQVFSQSCVWYGECGIAYGDKRYNCEYSGPPKPLPKDGYDLVQELCPGFFFGNVSLCCDVQQLQTLKDNLQLPLQFLSRCPSCFYNLLNLFCELTCSPRQSQFLNVTATEDYVDPVTNQTKTNVKELQYYVGQSFASDFPVHGMEPMNNATKGCDESVDEVTAPCSCQDCSIVCGPKPQPPPPPAPWMILGLDAMYVIMWITYMAFLLVFFGAFFAVWCYRKRYFVSEYTPIDSNIAFSVNASDKGEASCCDPVSAAFEGCLRRLFTRWGSFCVRNPGCVIFFSLVFITACSSGLVFVRVTTNPVDLWSAPSSQARLEKEYFDQHFGPFFRTEQLIIRAPLTDKHTYQPYPSGADVPFGPPLDIQILHQVLDLQIAIENITASYNNETVTLQDICLAPLSPYNTNCTIMSVLNYFQNSHSVLDHKKGDDFFVYADYHTHFLYCVRAPASLNDTSLLHDPCLGTFGGPVFPWLVLGGYNDQNYNNATALVITFPVNNYYNDTEKLQRAQAWEKEFINFVKSYKNPNLTISFTAERSIEDELNRESDSDVFTVVISYAIMFLYISLALGHIKSCRRLLVDSKVSLGIAGILIVLSSVACSLGVFSYIGLPLTLIVIEVIPFLVLAVGVDNIFILVQAYQRDERLQGETLDQQLGRVLGEVAPSMFLSSFSETIAFFLGALSVMPAVHTFSLFAGLAVFIDFLLQITCFVSLLGLDIKRQEKNRLDIFCCVRGAEDGTSVQASESCLFRFFKNSYSPLLLKDWMRPIVIAIFVGVLSFSIAVLNKVDIGLEQSLSMPDDSYVVDYFKSISQYLHAGPPVYFVLEEGHNYTSPKGQNMVCGGTGCNNDSLVQQIFNAAQLDNYTRIGFAPSSWIDDYFDWVKPQSSCCRVDNITDQFCNASVVDPACVRCRPLTPEGKQRPQGGDFMRFLPMFLSDNPNPKCGKGGHAAYSSAVNILGNGTRVGATYFMTYHTVLQTSADFIDALKKARLIASNVTETMGINGSAYRVFPYSVFYVFYEQYLTIIDDTIFNLGVSLGAIFLVTMVLLGCELWSAVIMCATIAMVLVNMFGVMWLWGISLNAVSLVNLVMSCGISVEFCSHITRAFTVSTKGSRVERAEEALAHMGSSVFSGITLTKFGGIVVLAFAKSQIFQIFYFRMYLAMVLLGATHGLIFLPVLLSYIGPSVNKARSCATEERYKGTERERLLNF,5,ChEBI,16113,39747,C1[C@@]2([C@]3(CC[C@]4([C@]([C@@]3(CC=C2C[C@H](C1)O)[H])(CC[C@@]4([C@H](C)CCCC(C)C)[H])[H])C)[H])C,4.052612,1.4220561,16
A0A7L1H1E2,A0A7L1H1E2_9PICI,Sterol carrier protein 2 (EC 2.3.1.155) (EC 2.3.1.16) (EC 2.3.1.176) (Acetyl-CoA C-myristoyltransferase) (Non-specific lipid-transfer protein) (Propanoyl-CoA C-acyltransferase) (SCP-2/3-oxoacyl-CoA thiolase) (SCP-2/thiolase) (SCP-chi) (Sterol carrier protein X),Scp2 INDMAC_R04042,Indicator maculatus (spotted honeyguide),503,SGQNALADAGIPYSEVKQACVGYVYGDSTCGQRAIYHGLGLTGIPIINVNNNCSTGSTALFMARQLVEGGLADCVLALGFERMAKGSLSSAFSDRTNPMDKHLEVMINKYGLASAPVAPQMFASAGKEHMEKYGTNPEYFAKIAWKNHSHSTNNPYSQFQKEYSLDEVLQSRKIFDFLTVLQCCPTSNGAAAAILANEEFVKRYRLQQKAVEILAQVMATDYPSTFEENSCLKMVGYDMTKKAAEKCFAKAGLKPADVDVIELHDCFSVNEFITYEALGLCPEGRACDLIDRGDNTYGGKWVINPSGGLISKGHPLGATGLAQCAELCWQLRGLAGRRQVPGAKVALQHNLGLGGAVVVTLYGMGFPGATSARRIAAMPLSAALDGFKSHLVFQEIEKRLQEEGEQYVKKIGGIFAFKIKDGPGGKEATWVVDVKNGKGSVAVNSDKKADCTITMADADLLALMTGKMNPQTAFFQGKLKISGNMGMAMKLQNLQLQAGKAKL,5,ChEBI,17759,62960,[H][C@@]1(CC[C@@]2([H])C3=CC=C4C[C@@H](O)CC[C@]4(C)[C@@]3([H])CC[C@]12C)[C@H](C)CCCC(C)C,11.685795,14.230972,17
A0A7L1DJ70,A0A7L1DJ70_9PASS,Sterol carrier protein 2 (EC 2.3.1.155) (EC 2.3.1.16) (EC 2.3.1.176) (Acetyl-CoA C-myristoyltransferase) (Non-specific lipid-transfer protein) (Propanoyl-CoA C-acyltransferase) (SCP-2/3-oxoacyl-CoA thiolase) (SCP-2/thiolase) (SCP-chi) (Sterol carrier protein X),Scp2 SERLUN_R05448,Serilophus lunatus (silver-breasted broadbill),537,AAVMQRRVFVVGVGMTKFSKPNENSADYPDMAKEAGQAALADAGIPYSAVKQACVGYVYGDSTCGQRAIYHGLGLTGIPIINVNNNCATGSTALFMARQLVEGGLADCVLALGFERMAKGSLASGYSDRTNPMDKHLEIMINKYGLASAPVAPQMFANAGKEHMEKYGTNPEYFAKIAWKNHSHSTNNPYSQFQKEYTLDEVLHSRKIFDFLTVLQCCPTSNGAAAAILANEEFVKRHKLQPKAVEILAQVMATDYPSTFEENSCMKMVGYDMTKKAAQKCFENAGLKPTDVDVIELHDCFSVNEFITYEALGLCPEGRACDLIDRGDNTYGGKWVINPSGGLISKGHPLGATGLAQCAELCWQLRGQAGPRQVPGAKVALQHNLGLGGAAVVTLYGMGFPRDRSIGRVAAVPLSAAVDGFKSHLVFKEIEKRLQEEGEQFVKKIGGIFAFKVKDGPGGKEATWVVDVKNGKGSVAVNSDKKADCTITMADTDLLALMTGKMNPQTAFFQGKLKISGNMGMAMKLQNLQLQAGKAKL,5,ChEBI,17759,62960,[H][C@@]1(CC[C@@]2([H])C3=CC=C4C[C@@H](O)CC[C@]4(C)[C@@]3([H])CC[C@]12C)[C@H](C)CCCC(C)C,15.865959,9.199992,18
A0A673JQG4,A0A673JQG4_9TELE,Hormone-sensitive lipase (EC 3.1.1.23) (EC 3.1.1.79) (Monoacylglycerol lipase LIPE) (Retinyl ester hydrolase),LOC107723485,Sinocyclocheilus rhinocerous,853,MSCEIVHMMDTKAVFTALYDVCEENANFFSGTTKGQAGDAAQRLVDAMTTIQEHARSLEPVISGFAAIYHHFDFDPHIPANGYRSLVKVVRCCLLHIIHKGRYITSNRRSIFFRASHNAAEMEAYCSALCQLRALLYLAQRLLHDNSHGNLFFQEESGLSQSFLREYASMHKGCFYGRCVGFQFTPAIRPCLQSIAISLVAFGDNYKKHQSGIGVAASSFLTSGKYAIDPELRGQEYERITQNLDVHFWKTFWNVTETEFLSSLVSMTATQVKVNRALSVPPLPFDLPLVTDPTHMVTVSPPAAHIGPGPVQMRLISYELREGQDSEKLLALCRSEGGPISLSLGLKTKRSPPSPWLVLHFHGGGFVAQTSKSHEPYLRSWSQDLNAPVLSVDYSLAPEAPFPRALEECFYAYCWAIKNHNLLGWTGERVCLAGDSAGGNLCVTVSMRAAAHGVRMPDGIVAAYPATLLTVYASPSRLLTLMDPLLPLSVLARCLSAYAGTDPQVEKQVEKVSTFSMVRRDTALLLRDFKQGASNWIHAQLYRGSADSVRKSISEASLTSPHADPPVSGKASEYSLEKGSLKSQTCQDLGTHTNSGASNVQKNASQTANHLSTNTVNHNSILDITLTPESKPEDVSFFLCKEVDPSVSESFSSVAIPPPGGEEDSEKPREFPEGFEPLRSEQLAEMNMQSSPIVRNPYMSPLLAPDSMLRGLPPIHIVACHLDPMLDDSVMFAKRLRNVGQPVTLCVVDDLPHGFLSLSQLSRETREAANVCMERIRDVFTMKDPPPELRKHRKLERTNQKPSATKRDHTQLLKEAVQKEEGLFVIGGAPVVNEEGLADFYPPTKSEAEKIPA,5,ChEBI,46898; 16113,33875,[H][C@@]1(CC[C@@]2([H])[C@]3([H])CC=C4C[C@H](CC[C@]4(C)[C@@]3([H])CC[C@]12C)OC(=O)CCCCCCC\C=C/CCCCCCCC)[C@H](C)CCCC(C)C; C1[C@@]2([C@]3(CC[C@]4([C@]([C@@]3(CC=C2C[C@H](C1)O)[H])(CC[C@@]4([C@H](C)CCCC(C)C)[H])[H])C)[H])C,1.6755656,-9.931153,19
E2JFF6,E2JFF6_ONCMY,Hormone-sensitive lipase (EC 3.1.1.23) (EC 3.1.1.79) (Monoacylglycerol lipase LIPE) (Retinyl ester hydrolase),,Oncorhynchus mykiss (Rainbow trout) (Salmo gairdneri),707,MAWRAVFTALEAVCEENITALSGPTDLLCGNASGRLLTCMRKIQDHGRALEPVVAGFTAVYHHYDFDADTPGNGYRTLVKVLQSCLLHIIHKGRYIASNCHRAFFRANHNASEMEAYSSALCQLRALLYLAQRLIHDNSHGQLYSLQNGELSRRFVREYTSMHKACFYGRCLGFQFSPTLRPFLQTVVISMVSFGESYGKQQSGLGMAAFSFLTSAKYVIDPELRGAEFERITQNLDMKFWKSFWNLTESELLSGLASVASNLVQLNLTLTIPPEPLRLPLASDPRLFAPVSPPVAHWGPGPVNVRLISYELREGQDSDELLAFSRTEATPISVSLVPFGAQKHPPSPWLLIHFHGGGFVAQTSKSHENYLKSWSKDLNVPILSVDYSLAPEAPFPRALEECFYAYCWALKNCHLLGSTAERVCLAGDSAGGNLCITVSMRAIACGVRVPDGIMAAYPATLLTIDASPSRLLTLIDPLLPLGVLSKCLNAYAGEDSQAVQPTEWTSTLSALGRDTALLISDLTHGASNWIQSFLPAEVLGSLSSSHQQSLDNEAHYRSTSPSSSSSNSSSGPRDYPEGFEPLRSERLAVIQTPSCPIVKNPFVSPLLSPDDLLRGLPPVHLGSALDALLDDSVMFAKKLRDMGQPVTLRVVEDLPHGFLSLLGLAKETQVASDICVARIREVFQQQTLPPCTNKQPKLERTNHGPSN,5,ChEBI,46898; 16113,33875,[H][C@@]1(CC[C@@]2([H])[C@]3([H])CC=C4C[C@H](CC[C@]4(C)[C@@]3([H])CC[C@]12C)OC(=O)CCCCCCC\C=C/CCCCCCCC)[C@H](C)CCCC(C)C; C1[C@@]2([C@]3(CC[C@]4([C@]([C@@]3(CC=C2C[C@H](C1)O)[H])(CC[C@@]4([C@H](C)CCCC(C)C)[H])[H])C)[H])C,4.0922832,-9.344862,20
A0A9N9R3M0,A0A9N9R3M0_9NEOP,Sterol carrier protein 2 (EC 2.3.1.155) (EC 2.3.1.16) (EC 2.3.1.176) (Acetyl-CoA C-myristoyltransferase) (Non-specific lipid-transfer protein) (Propanoyl-CoA C-acyltransferase) (SCP-2/3-oxoacyl-CoA thiolase) (SCP-2/thiolase) (SCP-chi) (Sterol carrier protein X),DIATSA_LOCUS6693,Diatraea saccharalis (sugarcane borer),536,MPRKVFVVGVGMTKFIKPGSNKDYPELGKEAVLEALSDARIKYDDIQQAVCAYVFGDSTCGQRVLYQVGMTGIPIYNVNNNCSTGSSALYLAKQLIEGGVSDVILAVGFEKMAPGALGSGGFTDRTNPLDRHVLKMSELADIAAAPMTPQFFGNAGIEHMKKYGTTELHFAKVAAKNHRHGAKNPRAQGNREYTVEEVLKSRKIYGPLTKLQCCPTSDGAGAAILMSEEAVIQYGLQSKAIEIIGMEMATDTPAVFNENSLMKVAGTDMTALAAKRLYEKTGISPMQVDVVELHDCFSANELITYEGLQLCGEGQAGKFIDAGDNTYGGRVVVNPSGGLIAKGHPLGATGLAQCAELVWQLRGEAGQRQVPHARIALQHNLGLGGAVVVTMYRKGFENAAPNKAAAVADSPDGFIVHKYIKLLEELMESDEEKLIEKVRGIYGLKVKNGPNGNEGYWVINAKVGKGKVTYNGSEKPDVTFTVNDEDIADLITGKLNPQKAFFQGKIKIQGNMGLAMKVADLPRQAASRVEMIRSKL,5,ChEBI,17759,62960,[H][C@@]1(CC[C@@]2([H])C3=CC=C4C[C@@H](O)CC[C@]4(C)[C@@]3([H])CC[C@]12C)[C@H](C)CCCC(C)C,-1.3642311,20.053814,21
A0A7K6ZFW7,A0A7K6ZFW7_9AVES,Lanosterol 14-alpha demethylase (EC 1.14.14.154),Cyp51a1 NOTPEN_R07331,Nothoprocta pentlandii,484,ERVAVGSPLSLALAASAFVLSLGYLLQLGYRRRLGPGHENYPPYISSSIPFLGHAIAFGKSPIEFLEKAYEQYGPVFSFTMVGKTFTYLLGSDAAALLFNSKNEDLNAEDVYSRLTTPVFGKGVAYDVPNAVFLEQKKMLKTGLNIAQFKRHVSLIEEETKEYFKAWGESGEKNLFEALSELIILTASHCLHGKEIRGLLNEKVAQLYADLDGGFTHAAWLLPGWLPLPSFRRRDRAHREIKNIFYKVIQKRRSSEEKEDDILQTLLDASYKDGRALSDAEVAGMLIGLLLAGQHTSSTTSAWLGFFLARDRATQERCFAEQRAVCGEHLPPLSYDQLKDLSLLDRCLKETLRLRPPIMTMMRLAKTPQTVAGYNIPPGHQVCVSPTVNHRLRDTWRDALDFKPDRYLQDNPAAAEKFAYVPFGAGRHRCIGEQFAYVQIKTIWSTLLRLYEFELINDYFPTINYTTMIHTPNNPVIRYKRRVL,5,ChEBI,28113; 78904; 87057; 87060; 166806; 166681; 176902; 138031; 176901; 138029; 16521; 17813,45960; 75087; 75107; 68068; 68064; 54028; 75103; 75111,[H][C@@]1(CC[C@@]2(C)C3=C(CC[C@]12C)[C@@]1(C)CC[C@H](O)C(C)(C)[C@]1([H])CC3)[C@H](C)CCCC(C)C; CC(C)CCC[C@@H](C)[C@H]1CC=C2C3=C(CC[C@]12C)[C@@]1(C)CC[C@H](O)C(C)(C)[C@@H]1CC3; CC(C)CCC[C@@H](C)[C@H]1CC[C@@]2(CO)C3=C(CC[C@]12C)[C@@]1(C)CC[C@H](O)C(C)(C)[C@@H]1CC3; CC(C)CCC[C@@H](C)[C@H]1CC[C@@]2(C=O)C3=C(CC[C@]12C)[C@@]1(C)CC[C@H](O)C(C)(C)[C@@H]1CC3; OC[C@]12[C@@]([C@](CC1)([C@@H](CCC=C(C)C)C)[H])(CCC=3[C@@]4([C@](C([C@@H](O)CC4)(C)C)(CCC23)[H])C)C; O[C@@H]1C([C@]2([C@@](C3=C([C@]4([C@@]([C@](CC4)([C@@H](CCC=C(C)C)C)[H])(CC3)C)C=O)CC2)(CC1)C)[H])(C)C; CC12CCC3C(CCC4CCCCC34C)[C@@]1(CCC2[*])C=O; C12C(C=3C(C(CC3)*)(C)CC1)CCC4C2(CCCC4)C; C12C([C@]3(C(C(CC3)*)(C)CC1)CO)CCC4C2(CCCC4)C; C12C([C@]3(C(C(CC3)*)(C)CC1)C)CCC4C2(CCCC4)C; [H][C@@]1(CC[C@@]2(C)C3=C(CC[C@]12C)[C@@]1(C)CC[C@H](O)C(C)(C)[C@]1([H])CC3)[C@H](C)CCC=C(C)C; [H][C@@]1(CC=C2C3=C(CC[C@]12C)[C@@]1(C)CC[C@H](O)C(C)(C)[C@]1([H])CC3)[C@H](C)CCC=C(C)C,18.39504,1.1914777,22
A0A2K5DNR0,A0A2K5DNR0_AOTNA,Glucosylceramidase (EC 3.2.1.45),GBA1,Aotus nancymaae (Ma's night monkey),529,MEFSRLSREECPKPSGRVSMMAASLTGLLLLQAVSWASGARPCIPKSFGYSSVVCVCNATYCDSVDPLTFPALGTFSRYESTRSGRRMELSTGTIQANRLLLTLQPEQKFQKIKGFGGLVTLIYILALSLPAQNLLLKSYFSEEGIEYNIIRVPMASCDFSIRIYTYADTPDDFQLFNFSLPEEDTRLKIPLIHRALQLSQRPISLFASPWTSPTWLKTNGAVNGKGSLKGQPGDIYHQTWARYFVKFLDAYAEHKLQFWAVTAENEPSAGLLSGYPFQCLGFTPEHQRDFIARDLGPTLANSTHRNVRLLMLDDQRLLLPHWAQVVLTDPEAAKYVDGIAVHWYLDFLAPVKATLGETHRLFPNAMLFASEACVGSKFWEQSVRLGSWDRGMQYSHSIITNLLYHVVGWTDWNLALNPEGGPNWVRNFVDSPIIVDITKDTFYKQPMFYHLGHFSKFIPEGSQRVGLAASEKNDLDTVALMHPDGSAVVVVLNRSSKDVPLTIEDPAVGFLETISPGYSIHTYLWRRQ,5,ChEBI,16113; 189066; 17495; 189067,70235; 58264; 70251,C1[C@@]2([C@]3(CC[C@]4([C@]([C@@]3(CC=C2C[C@H](C1)O)[H])(CC[C@@]4([C@H](C)CCCC(C)C)[H])[H])C)[H])C; [C@@]12([C@@]([C@@]3(C(C[C@@H](O[C@@H]4O[C@@H]([C@H](O)[C@@H]([C@H]4O)O)CO)CC3)=CC1)C)(CC[C@@]5(C)[C@@]2([H])CC[C@@]5([C@@H](CCCC(C)C)C)[H])[H])[H]; [H][C@@]1(CC[C@@]2([H])[C@]3([H])CC=C4C[C@H](CC[C@]4(C)[C@@]3([H])CC[C@]12C)O[C@@H]1O[C@H](CO)[C@@H](O)[C@H](O)[C@H]1O)[C@H](C)CCCC(C)C; C1O[C@H]([C@@H]([C@H]([C@@H]1O)O)O)O[C@@H]2CC=3[C@@]([C@@]4([C@]([C@]5([H])CC[C@@]([C@@]5(C)CC4)([C@@H](CCCC(C)C)C)[H])(CC3)[H])[H])(CC2)C,9.1727295,2.1561196,23
A0A8B9I2M0,A0A8B9I2M0_9AVES,Sterol carrier protein 2 (EC 2.3.1.155) (EC 2.3.1.176) (Acetyl-CoA C-myristoyltransferase) (Non-specific lipid-transfer protein) (Propanoyl-CoA C-acyltransferase) (SCP-2/3-oxoacyl-CoA thiolase) (SCP-2/thiolase) (SCP-chi) (Sterol carrier protein X),PODN,Anser brachyrhynchus (Pink-footed goose),514,KSLDYPDLAKEAGQRALADAGIPYSAVKQACVGYVYGDSTCGQRAIYHALGLTGIPIINVHNNCATGSTALFMARQLVEGGLADCVLALGFEKMAKGSIAAGCTDRTNPLDKHLEIMIDKYGLASAPVAPQMFASAGKEHMEKYGTNPEYFAKIAWKNHSHSTNNPYSQFQEEYSLDEILHSRKIFDYLTVLQCCPTTNGAAAAILANEEFVKEHNLQSQAVEILAQVMVTDYPSTFEEKSCLKMVGYDMTKKAAEKCFEKAGLQPTDVDVIELHDCFSVNELITYEALGLCPEGKACELIDRGDNTYGGKWVVNPSGGLISKGHPLGATGLAQCAELCWQLRGLAGRRQVPGAKVALQHNLGLGGAAVVTLYGMGFPPARSTGRVAAVPLSAAVDGFKSHLVFKEIEKKLEEEGEQFVKKIGGVFAFKIKDGPGGKEATWVVDVKNGKGSVAVNSDKKADCTITMADADLLALMTGKMNPQTAFFQGKLKVSGNMGMAMKLQNLQLQPGKAKL,5,ChEBI,17759,62960,[H][C@@]1(CC[C@@]2([H])C3=CC=C4C[C@@H](O)CC[C@]4(C)[C@@]3([H])CC[C@]12C)[C@H](C)CCCC(C)C,15.499051,11.061484,24
I3N3P9,I3N3P9_ICTTR,Catechol O-methyltransferase (EC 2.1.1.6),COMT,Ictidomys tridecemlineatus (Thirteen-lined ground squirrel) (Spermophilus tridecemlineatus),265,MLLAAASLGLVLLVLLLLRRYRLCWGLLVIFWLEWVLQPVCNLIMGDTKEQRILRHVQQNAKPGDPQSVLEAIDTYCTQKEWAMNVGDRKGQIVDAVIQEHSPSLVLELGAYCGYSAVRMARLLPTGARLLTMEMNPDFAAITQQMVDFAGLQDKVTVLVGASHDLIPQLKKKYDVDTLDMVFLDHWKDRYLPDTLLLEECGLLRKGTVLLADNVIVPGTPEYLAYVRASNSFECTHYSSYLEYMKVVDGLEKAIYKGPSSLVQP,5,ChEBI,87602; 136972; 1156; 1189; 136980; 28744; 28955; 89268; 62845; 136975,53104; 53100; 53108; 53088; 53092; 53096,C[C@]12CC[C@H]3[C@@H](CCc4c(O)c(O)ccc34)[C@@H]1CCC2=O; C1[C@]2([C@]3([C@@](C4=C(C(=C(O)C=C4)OC)CC3)(CC[C@@]2(C(=O)C1)C)[H])[H])[H]; [H][C@]12CC[C@]3(C)C(=O)CC[C@@]3([H])[C@]1([H])CCc1cc(O)c(O)cc21; [H][C@]12CC[C@]3(C)C(=O)CC[C@@]3([H])[C@]1([H])CCc1cc(O)c(OC)cc21; C1[C@]2([C@]3([C@@](C4=C(C=C(OC)C(=C4)O)CC3)(CC[C@@]2(C(=O)C1)C)[H])[H])[H]; [H][C@]12CC[C@]3(C)[C@@H](O)CC[C@@]3([H])[C@]1([H])CCc1cc(O)c(O)cc21; [H][C@]12CC[C@]3(C)[C@@H](O)CC[C@@]3([H])[C@]1([H])CCc1cc(O)c(OC)cc21; C1=C2C(CC[C@]3([C@@]4(CC[C@@H]([C@]4(CC[C@@]32[H])C)O)[H])[H])=CC(=C1O)OC; [H][C@]12CC[C@]3(C)[C@@H](O)CC[C@@]3([H])[C@]1([H])CCc1c(O)c(O)ccc21; C=1C=2[C@]3(CC[C@]4([C@]([C@@]3(CCC2C(=C(C1)O)OC)[H])(CC[C@@H]4O)[H])C)[H],22.617935,8.048606,25
A0A8C9JET1,A0A8C9JET1_PANTA,Hormone-sensitive lipase (EC 3.1.1.23) (EC 3.1.1.79) (Monoacylglycerol lipase LIPE) (Retinyl ester hydrolase),LIPE,Panthera tigris altaica (Siberian tiger),998,VKPGSKSVSSPDWEPKPPQTPITQTEPGPKATATAQPESKTHQEPNTQQDPAPQQRPLTQQGPLAQHEAEEQHRPSIQQNSALWQELLAPQEPAPQQSPCIHRVPFTQQQAASQQGPGPQKESETQQEAELRGAHVAEPVPGPVEQPPEQQEAGSTPPAQPTPGPKNESSTQTESIPQERPEQSDPTAQQTDPAQGARSQERSSTDWRFLSKLHQLSTQQPASEWRTSFDCVTDSDLESDLGSPVQSNLPAKRSRTVAQGTKLTFKGKHEVASGYGGKAAHGKKTTSQNPRDTASRLTHSMDLHTMTQSLVTLAEDNMAFFSSQGPGETARRLSGVFAGIREQALGLEPALGRLLSVAHLFDLDAETPANGYRSLVHTARCCLAHLLHKSRYVASNRRSIFFRTSHNLAELEAYLAALTQLRALAYYAQHLLATNQPGGLFFEGDEGLTADFLREYVTLHKGCFYGRCLGFQFTPAIRPFLQTISIGLVSFGEHYKRKETGLGVTASSLFTSGRFAIDPELRGAEFERIIQNLDVHFWKAFWNITEIEVLSSLANMTSTTVRVSRLLSLPPEAFEMPLTADPKLTVTISPPLAHTGPGPVLVRLISYDLREGQDSEELSSLVKSEGPRSLELRPRPQQAPRSQSLVVHIHGGGFVAQTSKSHEPYLKSWAQELGTPILSIDYSLAPEAPFPRALEECFYAYCWAVKHCALLGSTGERICLAGDSAGGNLCFTMSLRAAAFGVRVPDGIMAAYPATMLQSTASPSRLLSLMDPLLPLSVLTKCVSAYAGKATTHRIFLGPWGQRCLKFRVDRGPLRPEPETGSFLDLSGHKSHTNSVPVAEPMRRSVSEAALAQPEGPLGTDSFKSLTLHDLSLKGNSDTSGSPELSLSAETLGPSVPSNVNFLPGPDARKDAKAPGELRAKDRGQGVLANFPEGFHPRRASQGPTRMPIYSSPIVKNPFMSPLLAPDSMLQSLPPVHIVACALDPMLDDSVMFARRLR,5,ChEBI,46898; 16113,33875,[H][C@@]1(CC[C@@]2([H])[C@]3([H])CC=C4C[C@H](CC[C@]4(C)[C@@]3([H])CC[C@]12C)OC(=O)CCCCCCC\C=C/CCCCCCCC)[C@H](C)CCCC(C)C; C1[C@@]2([C@]3(CC[C@]4([C@]([C@@]3(CC=C2C[C@H](C1)O)[H])(CC[C@@]4([C@H](C)CCCC(C)C)[H])[H])C)[H])C,4.145635,-15.145077,26
A0A6P3RF42,A0A6P3RF42_PTEVA,Cytochrome P450 1A (EC 1.14.14.1),LOC105306836,Pteropus vampyrus (Large flying fox),524,MFSAFGLAIPISATELLLASAIFCLVFWVIRARQPQVPKGLKSPPGPWGWPILGNMLILRKNPHLALSRLSQCYGDVLEIRIGSIPVLVLSGLDTIWQALVRQGDDFKGRPDLYTFNLISDSQSITFSPDSGPAWAARRRLAQNALKSFSIASDPASLSSCYLEEHVSKEAEYLINKFQELMASVGHFDPYRYVVVSVANVICAMCFGQRYDHEDQELLSIVNLNNEFGEIAASGNPADFFPILRYLPNRALKIFKDTNKKLDIFIQKMIKEHYKTFEKGHIRDITDNLINYCQEKSLDENANIQPLDEEIVNVVSDLFGAAFDTVTTAISWSLLYLVTNPSVQKKIQEELDTVIGRARQPQLSDKPQLPYMEAFILETFRHSSFVPFTIPHCTIRDTSLNGFYIPKGRCIFVNQWQINHDQKLWGDPFEFRPERFLTLSGTIDKALSEKVILFGLGKRKCIGETIARFEVFLFLAILLQQLEFSTLPGVKVDMTPIYGLSMKYARCEHFQVQMRSLGAESPAA,5,ChEBI,17263; 1156; 87602; 16469; 62845; 28744,47208; 47292; 47280; 47212,[H][C@]12CC[C@]3(C)C(=O)CC[C@@]3([H])[C@]1([H])CCc1cc(O)ccc21; [H][C@]12CC[C@]3(C)C(=O)CC[C@@]3([H])[C@]1([H])CCc1cc(O)c(O)cc21; C[C@]12CC[C@H]3[C@@H](CCc4c(O)c(O)ccc34)[C@@H]1CCC2=O; [H][C@]12CC[C@]3(C)[C@@H](O)CC[C@@]3([H])[C@]1([H])CCc1cc(O)ccc21; [H][C@]12CC[C@]3(C)[C@@H](O)CC[C@@]3([H])[C@]1([H])CCc1c(O)c(O)ccc21; [H][C@]12CC[C@]3(C)[C@@H](O)CC[C@@]3([H])[C@]1([H])CCc1cc(O)c(O)cc21,-2.309603,10.560603,27
A0A9L0I9Z8,A0A9L0I9Z8_EQUAS,Lanosterol 14-alpha demethylase (EC 1.14.14.154) (CYPLI) (Cytochrome P450 51A1) (Cytochrome P450-14DM) (Cytochrome P450LI),CYP51A1,Equus asinus (Donkey) (Equus africanus asinus),404,MVGKTFTYLLGSDAAALLFNSKNEDLNAEDVYSRLTTPVFGKGVAYDVPNPVFLEQKKILKSGLNIANFRQHVSIIEKETKEYFQSWGEGGEKNLFEALSELIILTASHCLHGKEIRSQLNEKVAQLYADLDGGFSHAAWLLPGWLPLPSFRRRDRAHREIKNIFYKAIQKRRQSEEKMNDILQTLLESTYKDGRPLTDDEVAGMLIGLLLAGQHTSSTTSAWMGFFLARDKTLQEKCYLEQKTVCGEDLPPLTYDQLKDLSLLDRCIKETLRLRPPIMTMMRVAKTPQTVAGYTIPPGHQVCVSPTVNQRLRDSWVERLDFNPDRYLQDNPASGEKFAYVPFGAGRHRCIGENFAYVQIKTIWSTMLRLYEFDLIDGYFPTVNYTTMIHTPENPVIRYKRRSK,5,ChEBI,28113; 78904; 87057; 87060; 166806; 166681; 176902; 138031; 176901; 138029; 16521; 17813,45960; 75087; 75107; 68068; 68064; 54028; 75103; 75111,[H][C@@]1(CC[C@@]2(C)C3=C(CC[C@]12C)[C@@]1(C)CC[C@H](O)C(C)(C)[C@]1([H])CC3)[C@H](C)CCCC(C)C; CC(C)CCC[C@@H](C)[C@H]1CC=C2C3=C(CC[C@]12C)[C@@]1(C)CC[C@H](O)C(C)(C)[C@@H]1CC3; CC(C)CCC[C@@H](C)[C@H]1CC[C@@]2(CO)C3=C(CC[C@]12C)[C@@]1(C)CC[C@H](O)C(C)(C)[C@@H]1CC3; CC(C)CCC[C@@H](C)[C@H]1CC[C@@]2(C=O)C3=C(CC[C@]12C)[C@@]1(C)CC[C@H](O)C(C)(C)[C@@H]1CC3; OC[C@]12[C@@]([C@](CC1)([C@@H](CCC=C(C)C)C)[H])(CCC=3[C@@]4([C@](C([C@@H](O)CC4)(C)C)(CCC23)[H])C)C; O[C@@H]1C([C@]2([C@@](C3=C([C@]4([C@@]([C@](CC4)([C@@H](CCC=C(C)C)C)[H])(CC3)C)C=O)CC2)(CC1)C)[H])(C)C; CC12CCC3C(CCC4CCCCC34C)[C@@]1(CCC2[*])C=O; C12C(C=3C(C(CC3)*)(C)CC1)CCC4C2(CCCC4)C; C12C([C@]3(C(C(CC3)*)(C)CC1)CO)CCC4C2(CCCC4)C; C12C([C@]3(C(C(CC3)*)(C)CC1)C)CCC4C2(CCCC4)C; [H][C@@]1(CC[C@@]2(C)C3=C(CC[C@]12C)[C@@]1(C)CC[C@H](O)C(C)(C)[C@]1([H])CC3)[C@H](C)CCC=C(C)C; [H][C@@]1(CC=C2C3=C(CC[C@]12C)[C@@]1(C)CC[C@H](O)C(C)(C)[C@]1([H])CC3)[C@H](C)CCC=C(C)C,22.20005,-0.025491694,28
A0A151NB99,A0A151NB99_ALLMI,Lanosterol 14-alpha demethylase (EC 1.14.14.154),CYP39A1 Y1Q_0002528,Alligator mississippiensis (American alligator),468,MDAALAVLLTAVLTLIIGKLVLFRLRCPNAPPCISGWIPWFGVAFQFGKGPLEFIEQARVKYGPVFTVFALGHRYTFVTEEEGIEAFFMSKDVNFEQAVQQAVKHTVSIPAKVFYKNRYNLYVMLKGKMAPPNLHIFMKTLCKELHEFVEQLGTEGTEELHDLVRHIMYPAAVNTLFGKDIWPTSRSEISEFEEHFQMFDEDFEYASQMPVCFLRNWSKSRQWLLKTLEKVTSAAARTNPSKSESKTVLQHLLDTLPDKHFAPNYSLLLLWASQANAVPVAFWTLVFIISHPDIYKKIMDDIVSVFGNAGNDKTEISQDDLKKLPLIKWCVLEAIRLRSPGAITKKVMNPIKIQNFTIPAGDMLMISPYWLHRNPKYFPDPDMFKPDRWKAANLEKNAFLDNFVPFGGGNHQCPGRWFAIMEIHLLVVLFLNKYEFILLDTVPKESHLHLVGTQQPTGPCRVQYKLRE,5,ChEBI,28113; 78904; 87057; 87060; 166806; 166681; 176902; 138031; 176901; 138029; 16521; 17813,45960; 75087; 75107; 68068; 68064; 54028; 75103; 75111,[H][C@@]1(CC[C@@]2(C)C3=C(CC[C@]12C)[C@@]1(C)CC[C@H](O)C(C)(C)[C@]1([H])CC3)[C@H](C)CCCC(C)C; CC(C)CCC[C@@H](C)[C@H]1CC=C2C3=C(CC[C@]12C)[C@@]1(C)CC[C@H](O)C(C)(C)[C@@H]1CC3; CC(C)CCC[C@@H](C)[C@H]1CC[C@@]2(CO)C3=C(CC[C@]12C)[C@@]1(C)CC[C@H](O)C(C)(C)[C@@H]1CC3; CC(C)CCC[C@@H](C)[C@H]1CC[C@@]2(C=O)C3=C(CC[C@]12C)[C@@]1(C)CC[C@H](O)C(C)(C)[C@@H]1CC3; OC[C@]12[C@@]([C@](CC1)([C@@H](CCC=C(C)C)C)[H])(CCC=3[C@@]4([C@](C([C@@H](O)CC4)(C)C)(CCC23)[H])C)C; O[C@@H]1C([C@]2([C@@](C3=C([C@]4([C@@]([C@](CC4)([C@@H](CCC=C(C)C)C)[H])(CC3)C)C=O)CC2)(CC1)C)[H])(C)C; CC12CCC3C(CCC4CCCCC34C)[C@@]1(CCC2[*])C=O; C12C(C=3C(C(CC3)*)(C)CC1)CCC4C2(CCCC4)C; C12C([C@]3(C(C(CC3)*)(C)CC1)CO)CCC4C2(CCCC4)C; C12C([C@]3(C(C(CC3)*)(C)CC1)C)CCC4C2(CCCC4)C; [H][C@@]1(CC[C@@]2(C)C3=C(CC[C@]12C)[C@@]1(C)CC[C@H](O)C(C)(C)[C@]1([H])CC3)[C@H](C)CCC=C(C)C; [H][C@@]1(CC=C2C3=C(CC[C@]12C)[C@@]1(C)CC[C@H](O)C(C)(C)[C@]1([H])CC3)[C@H](C)CCC=C(C)C,2.436885,-2.9036465,29
A0A8B7HWL4,A0A8B7HWL4_MICMU,Hedgehog protein,SHH,Microcebus murinus (Gray mouse lemur) (Lemur murinus),458,MDGMLLLLARCLLVVLVSSLLMSPGLACGPGRGFGKRRHPKKLTPLAYKQFIPNVAEKTLGASGRYEGKISRNSERFKELTPNYNPDIIFKDEENTGADRLMTQRCKDKLNALAISVMNQWPGVKLRVTEGWDEDGHHSEESLHYEGRAVDITTSDRDRSKYGMLARLAVEAGFDWVYYESKAHIHCSVKAENSVAAKSGGCFPGSATVHLEQGGTKLVKDLRPGDRVLAADDQGRLLYSDFLTFLDRDDRAKKVFYVIETREPRERLLLTAAHLLFVAPLNDSAAAEPEAPSGAGPPPGGALGRRALFASRVRPGQRVYVVAERDGDRRLLPAAVHSVTLREEAAGAYAPLTAQGTILINRVLASCYAVIEEHGWAHRAFAPFRLAHALLAALAPARSGRGGDGDGGGGRVSPPAPGEPDAPGAAGVHWYSQLLYRIGTWLLDSEALHPLGMAVASS,5,ChEBI,16113; 143135,59504,C1[C@@]2([C@]3(CC[C@]4([C@]([C@@]3(CC=C2C[C@H](C1)O)[H])(CC[C@@]4([C@H](C)CCCC(C)C)[H])[H])C)[H])C; C1[C@@]2([C@]3(CC[C@]4([C@]([C@@]3(CC=C2C[C@H](C1)OC(CN*)=O)[H])(CC[C@@]4([C@H](C)CCCC(C)C)[H])[H])C)[H])C,17.413769,-6.4650493,30
P14137,CP11A_RAT,"Cholesterol side-chain cleavage enzyme, mitochondrial (EC 1.14.15.6) (CYPXIA1) (Cholesterol desmolase) (Cytochrome P450 11A1) (Cytochrome P450(scc))",Cyp11a1 Cyp11a Cyp11a-1,Rattus norvegicus (Rat),526,MLAKGLCLRSVLVKSCQPFLSPVWQGPGLATGNGAGISSTNSPRSFNEIPSPGDNGWINLYHFLRENGTHRIHYHHMQNFQKYGPIYREKLGNMESVYILDPKDAATLFSCEGPNPERYLVPPWVAYHQYYQRPIGVLFKSSDAWRKDRIVLNQEVMAPDSIKNFVPLLEGVAQDFIKVLHRRIKQQNSGKFSGDISDDLFRFAFESITSVVFGERLGMLEEIVDPESQRFIDAVYQMFHTSVPMLNMPPDLFRLFRTKTWKDHAAAWDVIFSKADEYTQNFYWDLRQKRDFSKYPGVLYSLLGGNKLPFKNIQANITEMLAGGVDTTSMTLQWNLYEMAHNLKVQEMLRAEVLAARRQAQGDMAKMVQLVPLLKASIKETLRLHPISVTLQRYIVNDLVLRNYKIPAKTLVQVASYAMGRESSFFPNPNKFDPTRWLEKSQNTTHFRYLGFGWGVRQCLGRRIAELEMTIFLINVLENFRIEVQSIRDVGTKFNLILMPEKPIFFNFQPLKQDLGSTMPRKGDTV,5,ChEBI,16113; 67237; 1294; 16581,34335; 34339; 35739,C1[C@@]2([C@]3(CC[C@]4([C@]([C@@]3(CC=C2C[C@H](C1)O)[H])(CC[C@@]4([C@H](C)CCCC(C)C)[H])[H])C)[H])C; [H][C@@]1(CC[C@@]2([H])[C@]3([H])CC=C4C[C@@H](O)CC[C@]4(C)[C@@]3([H])CC[C@]12C)[C@H](C)[C@H](O)CCC(C)C; [H][C@@]12CC=C3C[C@@H](O)CC[C@]3(C)[C@@]1([H])CC[C@@]1(C)[C@@]2([H])CC[C@]1([H])[C@@](C)(O)[C@H](O)CCC(C)C; [H][C@@]12CC=C3C[C@@H](O)CC[C@]3(C)[C@@]1([H])CC[C@]1(C)[C@H](CC[C@@]21[H])C(C)=O,2.584671,8.000128,31
A0JNM1,OSTB_BOVIN,Organic solute transporter subunit beta (OST-beta) (Solute carrier family 51 subunit beta),SLC51B OSTB,Bos taurus (Bovine),130,MNYSEKLTGAPPMTEVPLELLEEMLWFFRVEDATPWNCSMFVLAALVAIISFILLGRNIQANRNQKKLPPEKQTPEVLYLAEGGNKDDKNLTSLTETLLSEKPTLAQGEMEAKCSDVPRVHLPDPQEPES,5,ChEBI,132028; 82982; 29746; 36252; 36257; 60050; 36261; 132030; 57905; 9407,71843; 71867; 71851; 71859; 71703; 71835; 71863; 71847; 71839; 71855,C1[C@@]2([C@]3(CC[C@]4([C@]([C@@]3([C@H](C[C@@]2(C[C@@H](C1)O)[H])O)[H])(CC[C@]4([H])[C@@H](CCC(NCCS([O-])(=O)=O)=O)C)[H])C)[H])C; C1[C@@]2([C@]3(C[C@@H]([C@]4([C@]([C@@]3(CC[C@@]2(C[C@@H](C1)O)[H])[H])(CC[C@@]4([C@@H](CCC(NCC([O-])=O)=O)C)[H])[H])C)O)[H])C; [H][C@@]12C[C@H](O)CC[C@]1(C)[C@@]1([H])C[C@H](O)[C@]3(C)[C@]([H])(CC[C@@]3([H])[C@]1([H])[C@H](O)C2)[C@H](C)CCC(=O)NCC([O-])=O; [H][C@@]12C[C@H](O)CC[C@]1(C)[C@@]1([H])CC[C@]3(C)[C@]([H])(CC[C@@]3([H])[C@]1([H])[C@H](O)C2)[C@H](C)CCC(=O)NCC([O-])=O; [H][C@@]12C[C@H](O)CC[C@]1(C)[C@@]1([H])C[C@H](O)[C@]3(C)[C@]([H])(CC[C@@]3([H])[C@]1([H])[C@H](O)C2)[C@H](C)CCC(=O)NCCS([O-])(=O)=O; [H][C@]12CC[C@]3(C)C(=O)CC[C@@]3([H])[C@]1([H])CCc1cc(OS([O-])(=O)=O)ccc21; [H][C@]12CC[C@@]3([H])[C@]4([H])CC[C@]([H])([C@H](C)CCC(=O)NCCS([O-])(=O)=O)[C@@]4(C)[C@@H](O)C[C@]3([H])[C@@]1(C)CC[C@@H](O)C2; C1[C@@]2([C@]3(CC[C@]4([C@]([C@@]3([C@H](C[C@@]2(C[C@@H](C1)O)[H])O)[H])(CC[C@]4([H])[C@@H](CCC(NCC([O-])=O)=O)C)[H])C)[H])C; C1[C@@]2([C@@]([C@@]3(C(C[C@@H](OS([O-])(=O)=O)CC3)=C1)C)(CC[C@]4([C@]2(CCC4=O)[H])C)[H])[H]; [H][C@@]12C[C@H](O)CC[C@]1(C)[C@@]1([H])CC[C@]3(C)[C@]([H])(CC[C@@]3([H])[C@]1([H])[C@H](O)C2)[C@H](C)CCC(=O)NCCS([O-])(=O)=O,5.3449793,0.19171761,32
A0A1U7Q9R2,A0A1U7Q9R2_MESAU,Hedgehog protein,Dhh,Mesocricetus auratus (Golden hamster),396,MALPASLLPLCCLALLALSVQSCGPGRGPVGRRRYVRKQLVPLLYKQFVPSVPERTLGASGPAEGRVARGSERFRDLVPNYNPDIIFKDEENSGADRLMTERCKERVNALAIAVMNMWPGVRLRVTEGWDEDGHHAQDSLHYEGRALDITTSDRDRNKYGLLARLAVEAGFDWVYYESRNHVHVSVKADNSLAVRAGGCFPGNATVRLRSGERKGLRELHRGDWVLAADAAGRVVPTPVLLFLDRDLQRRASFVAVETERPPRKLLLTPWHLVFAARGPAPAPGDFAPVFARRLRAGDSVLAPGGDALRPARVARVAREEAVGVFAPLTAHGTLLVNDVLASCYAVLESHQWAHRAFAPLRLLHALGALLPGGAVQPTGMHWYSRLLYRLAEELIG,5,ChEBI,16113; 143135,59504,C1[C@@]2([C@]3(CC[C@]4([C@]([C@@]3(CC=C2C[C@H](C1)O)[H])(CC[C@@]4([C@H](C)CCCC(C)C)[H])[H])C)[H])C; C1[C@@]2([C@]3(CC[C@]4([C@]([C@@]3(CC=C2C[C@H](C1)OC(CN*)=O)[H])(CC[C@@]4([C@H](C)CCCC(C)C)[H])[H])C)[H])C,-6.728553,19.326385,33
F7EZA5,F7EZA5_CALJA,Sterol carrier protein 2 (EC 2.3.1.155) (EC 2.3.1.16) (EC 2.3.1.176) (Acetyl-CoA C-myristoyltransferase) (Non-specific lipid-transfer protein) (Propanoyl-CoA C-acyltransferase) (SCP-2/3-oxoacyl-CoA thiolase) (SCP-2/thiolase) (SCP-chi) (Sterol carrier protein X),SCP2,Callithrix jacchus (White-tufted-ear marmoset),547,MFSSLQELAPLRRVFVVGVGMTKFKKPGAENSRDYPDLAREAGQKALADAQIPYSAVDQACVGYVFGDSTCGQRAIYHSLGMTGIPIINVNNNCSTGSTALFVARQLIQGGVAECVLALGFEKMEKGGLGTKFLDRTSPLDKHLDLLINKYGLSAHPVAPQMFGLAGKEHIEKYGTKIEHFAKIGWKNHKHSVNNPYSQFQDEYSLDEVMASKKVFEFLTILQCCPTSDGAAAAILASEAFVQKYGLQPKAVEILAQEMMTDLPSSFEEKSMIKMVGFDMSKEAARKCYKKSGLTPSDIDVIELHDCFSANELLTYEALGLCPEGQGGTLVDRGDNTYGGKWVINPSGGLISKGHPLGATGLAQCAELCWQLRGEAGKRQVPGAKVALQHNLGLGGAVVVTLYKMGFPEAASSFRTHQIEAAPTSSASDGFKANLVFKEIEKKLEEEGEQFVKKIGGIFAFKVKDGPGGKEATWVVDVKNGKGSVLPNSDKKADCTITMADSDLLALMTGKMNPQSAFFQGKLKITGNMGLAMKLQNLQLQPGKAKL,5,ChEBI,17759,62960,[H][C@@]1(CC[C@@]2([H])C3=CC=C4C[C@@H](O)CC[C@]4(C)[C@@]3([H])CC[C@]12C)[C@H](C)CCCC(C)C,12.823066,12.204634,34
A0A668VCK1,A0A668VCK1_OREAU,Sterol carrier protein 2 (EC 2.3.1.155) (EC 2.3.1.16) (EC 2.3.1.176) (Acetyl-CoA C-myristoyltransferase) (Non-specific lipid-transfer protein) (Propanoyl-CoA C-acyltransferase) (SCP-2/3-oxoacyl-CoA thiolase) (SCP-2/thiolase) (SCP-chi) (Sterol carrier protein X),,Oreochromis aureus (Israeli tilapia) (Chromis aureus),493,MTKFDKPGAQEGDYPDMAKEAGERALADAGIPYSAIEQACVGYVYGDSTCGQRAIYHSLGLTGIPIINVNNNCSTGSTALFMARQLVQGGLSDCVLALGFEKMERGSLSAKYMDRTNPMDKHMEVMINRYGMAAAPAAPQMFGNAGREHMERYGTKPEHFAKIAWKNHKHSTNNPYSQFQDEYSLEQVMKSRKVFDFLTLLQCCPTSDGAGAAVLASEPFVRKYHLQNQAVEIVAQEMVTDLASTFEENSCIKMVGYDMSRLAARKCFEAAGLKPSDVDVVELHDCFSANELITYEALGLCPEGKAGELIDRGDNTYGGKFVINPSGGLISKGHPLGATGLAQCAELCWQLRGMAGRRQVSGAKVALQHNIGLGGAVVVTLYKMGFPEEASVVEMPSVLSILEAMRRQTFLRAVSFSVEYARCSHEWSSLVVFVCINNKYCTLSLSDEDLPDLMTGKLNPQTAFFKGKLKVTGNMGMAMKLQNLQIAPGKAKL,5,ChEBI,17759,62960,[H][C@@]1(CC[C@@]2([H])C3=CC=C4C[C@@H](O)CC[C@]4(C)[C@@]3([H])CC[C@]12C)[C@H](C)CCCC(C)C,13.2234125,10.343016,35
P30115,GSTA3_MOUSE,Glutathione S-transferase A3 (EC 2.5.1.18) (GST class-alpha member 3) (Glutathione S-transferase Ya3) (Glutathione S-transferase Yc),Gsta3 Gstyc,Mus musculus (Mouse),221,MAGKPVLHYFDGRGRMEPIRWLLAAAGVEFEEKFLKTRDDLARLRSDGSLMFQQVPMVEIDGMKLVQTKAILNYIASKYNLYGKDMKERAIIDMYTEGVADLEIMILYYPHMPPEEKEASLAKIKEQTRNRYFPAFEKVLKSHGQDYLVGNRLSRADIALVELLYHVEELDPGVVDNFPLLKALRSRVSNLPTVKKFLQPGSQRKPFDDAKCVESAKKIFS,5,ChEBI,17792; 83865; 16422; 63837; 17026,16437; 43936; 43928,**; C[C@]12CC[C@H]3[C@@H](CC=C4CC(=O)CC[C@]34C)[C@@H]1CCC2=O; [H][C@@]12CCC3=CC(=O)CC[C@]3(C)[C@@]1([H])CC[C@]1(C)C(=O)CC[C@@]21[H]; [H][C@@]12CC=C3CC(=O)CC[C@]3(C)[C@@]1([H])CC[C@]1(C)[C@H](CC[C@@]21[H])C(C)=O; [H][C@@]12CCC3=CC(=O)CC[C@]3(C)[C@@]1([H])CC[C@]1(C)[C@H](CC[C@@]21[H])C(C)=O,16.663137,20.701778,36
A0A2I3G3S5,A0A2I3G3S5_NOMLE,Cytochrome P450 1A (EC 1.14.14.1),LOC100582268,Nomascus leucogenys (Northern white-cheeked gibbon) (Hylobates leucogenys),502,MILDLAVTPGEVTTSLIVLVMVFVFVRALRSKGRKQVSPPGPWSFPIIGNLRQPGDHPYLTLMEMSKKFLLKFGMVPVLVVNGMEMVKQILHKDREHFAGRSNMHTFSFLAEGKSLSFSVNYGEKAKSSTCSCLLEEHVTEEVSELVTVFVELTSKNGSFDPRNAITCVVASVVCALRFGKRYDHSDQEFLTIVKTNDDLLKASSAANPADFIPCLHYLPMQIINAPREFYQALNGFIALHVQDHLATCDKDHIRDITDALINVCHNKYAATKTDTLNDSEIISTVSDLFGAGFETVSTYLYWSFLYLIHYPEIQAKIQEEIDGNIGLRPPRFEDRKILPYTEAFINEVFRHASFLPFTIPHCTTADTTLNGYFIPRKTCTFINMYQVNHDETTWDNPSLFRPDRFLNKNRELNKSLVEKVLIFGMGIRKCLGEDVARNELLTFITTVLQQLKLKKCPRAKLDLTPTYGLVMRPKPYQLQILRLSGGFLTQFRKTDDLSLFN,5,ChEBI,17263; 1156; 87602; 16469; 62845; 28744,47208; 47292; 47280; 47212,[H][C@]12CC[C@]3(C)C(=O)CC[C@@]3([H])[C@]1([H])CCc1cc(O)ccc21; [H][C@]12CC[C@]3(C)C(=O)CC[C@@]3([H])[C@]1([H])CCc1cc(O)c(O)cc21; C[C@]12CC[C@H]3[C@@H](CCc4c(O)c(O)ccc34)[C@@H]1CCC2=O; [H][C@]12CC[C@]3(C)[C@@H](O)CC[C@@]3([H])[C@]1([H])CCc1cc(O)ccc21; [H][C@]12CC[C@]3(C)[C@@H](O)CC[C@@]3([H])[C@]1([H])CCc1c(O)c(O)ccc21; [H][C@]12CC[C@]3(C)[C@@H](O)CC[C@@]3([H])[C@]1([H])CCc1cc(O)c(O)cc21,-3.130796,13.2534,37
A0A8C0MC95,A0A8C0MC95_CANLF,Hormone-sensitive lipase (EC 3.1.1.23) (EC 3.1.1.79) (Monoacylglycerol lipase LIPE) (Retinyl ester hydrolase),LIPE,Canis lupus familiaris (Dog) (Canis familiaris),821,MVSVSFLAGRWNRVATPWAGSVPPPGLSPQDSTGTSHTAQPAAQPRGAQKRSGRASRLTQNMDLRTMTQSLVTLAEDNMAFFSSQGPGETARRLSGVFAGIREQALGLEPALGRLLSVAHLFDLDAETPANGYRSLVHTARCCLAHLLHKSRYVASNRRSIFFRTSHNLAELEAYLVALTQLRALAYYAQRLLATNRPGGLFFEGDEGLIAEFLREYVTLHKGCFYGRCLGFQFTPAIRPFLQTISIGLVSFGEHYKRNETGLGVTASSLFTSGRFAIDPELRGAEFERIIQNLDVHFWKAFWNITEIEVLSSLANMASATVRVSRLLSLPPEAFEMPLTADPKLTVTISPPLAHSGPGPVLVRLISYDLREGQDSEELSSLVKSEGPRSLELRPRPQQAPRSQSLVVHIHGGGFVAQTSKSHEPYLKSWAQELGVPIVSIDYSLAPEAPFPRALEECFYAYCWAVKHCALLGSTGERICLAGDSAGGNLCFTVSLRAAAYGVRVPDGIMAAYPATMLQSTASPSRLLSLMDPLLPLSVLTKCVSAYAGGETEDRSDSDQKALGMMGLVRRDTALLFRDLRLGASSWLHSFLDLSGHKSHTNSVPTAEPMRRSVSEAALAQPEGLLGTDSLKSLTLHDLSLKGSSDTSETPELSLSAETLGSSTPSNVNFLVGPEEAPEEAAKTQELSAKDRGCGARAAFPEGFHPRRSSQGCTWMPVCSSPIVKNPFMSPLLASDSMLQSLPPVHIVACALDPMLDDSVMFARRLRGLGKPVTLRVVEDLPHGFLSLAALCRETRHAAALCVERIRLVLTQPAAPSSPPL,5,ChEBI,46898; 16113,33875,[H][C@@]1(CC[C@@]2([H])[C@]3([H])CC=C4C[C@H](CC[C@]4(C)[C@@]3([H])CC[C@]12C)OC(=O)CCCCCCC\C=C/CCCCCCCC)[C@H](C)CCCC(C)C; C1[C@@]2([C@]3(CC[C@]4([C@]([C@@]3(CC=C2C[C@H](C1)O)[H])(CC[C@@]4([C@H](C)CCCC(C)C)[H])[H])C)[H])C,2.7830114,-12.689437,38
A0A8B7ADM6,A0A8B7ADM6_ORYAF,Sterol carrier protein 2 (EC 2.3.1.155) (EC 2.3.1.16) (EC 2.3.1.176) (Acetyl-CoA C-myristoyltransferase) (Non-specific lipid-transfer protein) (Propanoyl-CoA C-acyltransferase) (SCP-2/3-oxoacyl-CoA thiolase) (SCP-2/thiolase) (SCP-chi) (Sterol carrier protein X),SCP2,Orycteropus afer afer,463,MTGIPIVNVNNNCSTGSTALFVARQLIQGGLANCILALGFEKMTKGSIEMKFLDRTNPMDQHFQLMINKYGLSAHPFAPQLFGLAGREHMEQYGTKIEQFAKIGWKNHKHSVNNPYSQFQKEYSLDEVMKSQRVFGILTMLQCCPTSDGAAAAVLASEAFVKNYGLESKAVEILAQEMITDFPSTFEENSMIKVVGFDMSKEAARRCYEKCGLKPSDIDVIELHDCFSVNELLTYEALGLCPEGQGGKLVDRGDNTYGGKWVINPSGGLISKGHPLGATGLAQCAELCWQLRGEAGKRQVPGAKIALQHNLGLGGAAVVTLYKMGFPEAARTYEIEAAPTSSASDGFKSNLVFKEIEKKLEEEGEQFVKKIGGIFAFKVKDGPGGKEATWVVDVKNGKGSVHPNSDKKADCTITMADSDLIDLMTGKMNPQSAFFQGKLKITGNMGMALKLQNLQLQPGKAKL,5,ChEBI,17759,62960,[H][C@@]1(CC[C@@]2([H])C3=CC=C4C[C@@H](O)CC[C@]4(C)[C@@]3([H])CC[C@]12C)[C@H](C)CCCC(C)C,10.723858,13.09092,39
A0A384BZ11,A0A384BZ11_URSMA,Lipase,LIPA,Ursus maritimus (Polar bear) (Thalarctos maritimus),396,MKMQFLGLVVCLVLGTLHCEASEGKLDPETNMNVSEIIAHWGFPSEEHFIETEDGYILCLHRIPHGRKNHSAKGPKPVVFLQHGLLADSSNWVTTLPNNSLGFILADGGFDVWMGNSRGNTWSRRHKTLSISQDEFWSFSFDEMARYDLPASINFILNKTGQEQVYYVGHSQGTTIGFIAFSRIPQLAKRIKMFFALAPVASAKFSPSPLVKLGKFPEFLLKDIFGVKEFLPQSTFLKWLSAHICSRVVLKELCGNAFFILCGFNEKNLNMSRVSVYITHSPAGTSVQNLLHWGQLIKLQKFQAFDWGSHAKNYFHYNQTYPPLYNVKDMLVPTAVWSGGHDTLADDKDVSILLPQITNLVYHKRIPEWEHLDFIWGLDGPWRLYNEIVDLMRKYL,5,ChEBI,35915; 15889,10100,C12C(C3C(C(CC3)*)(C)CC1)CCC4C2(CCC(C4)OC(*)=O)C; C12C(C3C(C(CC3)*)(C)CC1)CCC4C2(CCC(C4)O)C,2.0160716,-0.41772902,40
Q15125,EBP_HUMAN,"3-beta-hydroxysteroid-Delta(8),Delta(7)-isomerase (EC 5.3.3.5) (Cholestenol Delta-isomerase) (Delta(8)-Delta(7) sterol isomerase) (D8-D7 sterol isomerase) (Emopamil-binding protein)",EBP,Homo sapiens (Human),230,MTTNAGPLHPYWPQHLRLDNFVPNDRPTWHILAGLFSVTGVLVVTTWLLSGRAAVVPLGTWRRLSLCWFAVCGFIHLVIEGWFVLYYEDLLGDQAFLSQLWKEYAKGDSRYILGDNFTVCMETITACLWGPLSLWVVIAFLRQHPLRFILQLVVSVGQIYGDVLYFLTEHRDGFQHGELGHPLYFWFYFVFMNALWLVLPGVLVLDAVKHLTHAQSTLDAKATKAKSKKN,5,ChEBI,18252; 16290; 17168; 16608,33999; 15281,[H][C@@]12CCC3=C(CC[C@]4(C)[C@]([H])(CC[C@@]34[H])[C@H](C)CCC=C(C)C)[C@@]1(C)CC[C@H](O)C2; [H][C@@]12CC=C3[C@]4([H])CC[C@]([H])([C@H](C)CCC=C(C)C)[C@@]4(C)CC[C@]3([H])[C@@]1(C)CC[C@H](O)C2; [H][C@@]12CC=C3[C@]4([H])CC[C@]([H])([C@H](C)CCCC(C)C)[C@@]4(C)CC[C@]3([H])[C@@]1(C)CC[C@H](O)C2; [H][C@@]12CCC3=C(CC[C@]4(C)[C@]([H])(CC[C@@]34[H])[C@H](C)CCCC(C)C)[C@@]1(C)CC[C@H](O)C2,6.937073,1.0748403,41
A0A8D3DPV7,A0A8D3DPV7_SCOMX,Sterol carrier protein 2 (EC 2.3.1.155) (EC 2.3.1.16) (EC 2.3.1.176) (Acetyl-CoA C-myristoyltransferase) (Non-specific lipid-transfer protein) (Propanoyl-CoA C-acyltransferase) (SCP-2/3-oxoacyl-CoA thiolase) (SCP-2/thiolase) (SCP-chi) (Sterol carrier protein X),,Scophthalmus maximus (Turbot) (Psetta maxima),566,MFTNCTRSVARCGLRRLLCCRLTEPGLRRVPGLRRKPGLLFGAHTDATASGRQATMAPGKNRVFVIGVGMTKFDKPGAREDFDYPDMCKEAGQKALADAGIPYSAIQQACVGYVYGDSTCGQRAIYHSLGLTGIPIINVNNNCSTGSTALFMARQLVQGGLADCVLALGFEKMERGSLTSKFMDRTNPMDKHMEVMINRYGMVAAPAAPQLFGNAGREHMEKYGTKPEHFAKIAWKNHKHSTNNPYSQFQDEYSLEQVKNSRKVFDYLTLLQCCPTSDGAGAAVLASEAFVRKHALENQAVEIMAQEMVTDLSSTFEENSCIKMVGYDMSRLAAKRCFESAGLKPSDVQVVELHDCFSPNELITYEALGLCPEGKAGELIDRGDNTYGGKFVINPSGGLLSKGHPLGATGLAQCAELCWQLRGQADRRQVPGAKVALQHNIGLGGAVVVALYRMGFPHEARHPIRAIPTSTDLGLQSFKAYPVFKEIEKHLHEKGEQLVKKVGGVFAFKVKDGPDGKEATWVVDVKSGKGSVTNDLEKKADCTLLIGDKELLDLMTGKLNPQTLPD,5,ChEBI,17759,62960,[H][C@@]1(CC[C@@]2([H])C3=CC=C4C[C@@H](O)CC[C@]4(C)[C@@]3([H])CC[C@]12C)[C@H](C)CCCC(C)C,12.759419,8.8708105,42
P52840,ST1A1_MOUSE,Sulfotransferase 1A1 (ST1A1) (EC 2.8.2.1) (Aryl sulfotransferase) (Phenol sulfotransferase) (Phenol/aryl sulfotransferase) (mSTp1) (ST1A4) (Sulfokinase),Sult1a1 St1a1 Stp Stp1,Mus musculus (Mouse),291,MEPLRKPLVPVKGIPLIKYFAETMEQLQNFTAWPDDVLISTYPKSGTNWMSEIMDMIYQGGKLDKCGRAPVYARIPFLEFSCPGVPPGLETLKETPAPRIIKTHLPLSLLPQSLLDQKIKVIYVARNAKDVVVSYYNFYKMAKLHPDPGTWESFLENFMDGKVSYGSWYQHVKEWWELRRTHPVLYLFYEDMKENPKREIKKILEFLGRSLPEETVDLIVHHTSFKKMKENPMANYTTIPTEVMDHTIYPFMRKGTIGDWKNTFTVAQSEHFDAHYAKLMTGCDFTFRCQI,5,ChEBI,16469; 136582,52372,[H][C@]12CC[C@]3(C)[C@@H](O)CC[C@@]3([H])[C@]1([H])CCc1cc(O)ccc21; C1=C2C(CC[C@]3([C@@]4(CC[C@@H]([C@]4(CC[C@@]32[H])C)O)[H])[H])=CC(=C1)OS([O-])(=O)=O,6.875363,21.283873,43
A0A3Q1GIA4,A0A3Q1GIA4_9TELE,Hormone-sensitive lipase (EC 3.1.1.23) (EC 3.1.1.79) (Monoacylglycerol lipase LIPE) (Retinyl ester hydrolase),,Acanthochromis polyacanthus (spiny chromis),855,MDRALNSDTVMDTKAVFAAVYSVCEENAAFFSGGAKGSQGDAARRLVEAMKLIQEHARSLEPVISGFAAVYHHFDFDPHIPANGYRSLVKVVRCCLLHIIHKGRYITTSRRSIFFRVAHNAGEMEAYCNALRQLRALLYLAQRMLHDNSHGNLFFQDESGLSESFVREYASMHKGCFYGRCLGFQFTPAIRPCLQTIAIGLVAFGENYRRHQSGIVEAGGIAPYGVAASSLFNSGKYAIDPELRGAEYDRITQNLDVHFWKTFWNVTETEVLSSLASMTSTQVKVNRALSVPSVPFDLPLAANHRASVTIAPPSAHIGTAPVQMRLISYDLREGQDSETLLSLCRSEGGAISLSLGLKTKRLPSSPCLLIHFHGGGFVAQTSKSHEPYLKSWSQDLGVPILSVDYSLAPEAPFPRALEECFYAYCWALRNHHLLGWTGEKVCLAGDSAGGNLSITTSMRAAAFGVRMPDGIVAAYPATLLTAYASPSRLLTLMDPLLPLTVLSRCLSAYAGNEPQTEKQVAKVSTLSLVRRDTAEMLRDFRQGASNWIQSLLDPNRASASPSTSAEPPGATDAVRKSISEASICSPHADPPVPTEPSEFLSRKLSVKSQTCQDLGSHNNAMPHCAPLLSERTPEDVSFFLTKDGETSMSSDLSSLAIPPPDTGEEGSQLEHRREFPLGFEPLRSEQLTEMKVESSPVVKDPFCSPLLAPDSMLKGLPPIHIVACALDPMLDDSVMFAKRLRNIDQPVTLCVVDDLPHGFLSLSQLSKETREAACVCAERIRAVFTQDTPPEPRKHRKLERTDRGVSASSGESGPLFVGPAEGGELAVKRGAKIADGEGSVAVAAQNNTDAGGIGA,5,ChEBI,46898; 16113,33875,[H][C@@]1(CC[C@@]2([H])[C@]3([H])CC=C4C[C@H](CC[C@]4(C)[C@@]3([H])CC[C@]12C)OC(=O)CCCCCCC\C=C/CCCCCCCC)[C@H](C)CCCC(C)C; C1[C@@]2([C@]3(CC[C@]4([C@]([C@@]3(CC=C2C[C@H](C1)O)[H])(CC[C@@]4([C@H](C)CCCC(C)C)[H])[H])C)[H])C,0.33181828,-9.597244,44
I3MM50,I3MM50_ICTTR,Multidrug resistance-associated protein 1 (EC 7.6.2.2) (EC 7.6.2.3) (ATP-binding cassette sub-family C member 1) (Glutathione-S-conjugate-translocating ATPase ABCC1) (Leukotriene C(4) transporter),ABCC1,Ictidomys tridecemlineatus (Thirteen-lined ground squirrel) (Spermophilus tridecemlineatus),1515,DWNVTWHTSNPDFPKCFQNTVLLWLPCFYLWASFPVYALYLSRHDRGYIQMTHLNKAKTALGFLLWIVCWADLFYSFWERSHGVFVAPVLLVSPTLLGVTMLLATFLIQLERRKGVQSSGLLLVFWLMALLCALAIFRSKIMAALKEDAQVDRFRDTTFYVYLALVLAQLVLSCVLDRAPLFSETVNDPNPCPESSASFLSRITFWWITGLMIRGYRQPLEASDLWSLNKEDTSAQVVPVLQKNWRKEFAKSRKQPVKVAYSSTKDPAKASGGSKVDVNEEAEALIVKSPQRERAPSLFKVLYKTFGPYFLMSFLFKAVHDLMMFAGPEILKLLINFVNDTQAPDWQGYLYTVLLFVSACLQTLVLHQYFHICFVSGMRIKTAVIGAVYRKALVITNAARKSSTVGEIVNLMSVDAQRFMDLATYINMIWSAPLQVVLALYLLWLNLGPSVLAGVAVMVLMVPFNAVMAMKTKTYQVAHMKSKDNRIKLMNEILNGIKVLKLYAWELAFKDKVMAIRQEELKVLKKSAYLAAVGTFTWVCTPFLVALSTFAVYVTVDKNNVLDAQKAFVSLALFNILRFPLNILPMVISSIVQASVSLKRLRIFLSHEELEPGSIERRPLKDGRGTNSITVENATFTWARGEPATLNSITFSVPEGALVAVVGQVGCGKSSLLSALLAEMDKVEGLVALKGSVAYVPQQAWIQNNSLRENILFGRPLRERYYSAVVEACALLPDLEILPSGDRTEIGEKGVNLSGGQKQRVSLARAVYGDSDVYLFDDPLSAVDAHVGKHIFDNVVGPKGMLRGKTRILVTHSISYLPQVDVIIVMSGGKISEMGSYQELLARDGAFAEFLRTYSSAEQDQAPEDDRPTGSSGPGKEPKPMENGTLVPAAAGKQVQRQLSSSSSYSGDGGRPQASAADPQKAGAKEEAWKLVEADKVQTGQVKLSVYWDYMKAIGLCLSFLSIFLFLCNHVSALASNYWLSLWTDDPVVNGTQEHTDFWLGVYGGLGLAQGIAVLGYSMTVSIGGIFASRRLHLDLLQHVLRSPMSFFERTPSGNLVNRFSKELDTVDSMIPQVIKMFLGSLFNVIGACIIILLATPIAAVTIPPLGLLYFFVQRFYVASSRQLKRLESVSRSPVYSHFNETLLGVSVIRAFEEQERFIRQSDLKVDENQKAYYPSIVANRWLAVRLECVGNFIVFFASLFAVISRHSLSAGLVGLSVSYSLQITAYLNWLVRMSSEMETNIVAVERLKEYSETEKEAPWQVPETAPPSNWPQVGRVEFRDYGLRYREDLDLVLKHINVTIEGGEKVGIVGRTGAGKSSLTLGLFRINESAEGEIIIDGVNIAKIGLHNLRFKITIIPQDPVLFSGSLRMNLDPFSQYSDGEVWTALELAHLKSFVSGLPDKLDHECSEGGENLSVGQRQLVCLARALLRKTKILVLDEATAAVDLETDDLIQSTIRTQFDDCTVLTIAHRLNTIMDYTRVIVLDRGEVRECGTPSDLLQQRGLFYSMARDAGLV,5,ChEBI,82961,60128,C[C@]12CC[C@H]3[C@@H](CCc4cc(O)ccc34)[C@@H]1CC[C@@H]2O[C@@H]1O[C@@H]([C@@H](O)[C@H](O)[C@H]1O)C([O-])=O,4.4739017,3.7680984,45
A0AA36AWQ6,A0AA36AWQ6_OCTVU,Hormone-sensitive lipase (EC 3.1.1.23) (EC 3.1.1.79) (Monoacylglycerol lipase LIPE) (Retinyl ester hydrolase),OCTVUL_1B031609,Octopus vulgaris (Common octopus),798,MHLQLQVLGRVARTEPPNGGEEEDQVRRVRAVQDTLELKSCSLSNLEYFRNGKQSYHARLQVAFSLLCEHINKGIEPQLGILLPHLASYDISPEIPANGYRSLLMIIQKCCLHLLQLSRYIMINRNCVLFRIVHYTRELESYVTVLGQLRACLYFSCQLMNYCPKDSLFIDKDVLKDPVAFRLLKEFDSLSQDCFYGRCLGFQFCESMRKPLLCVVVALASFSEGYNETTNFMKFAYSVLSTGKYLLDPELRARQVVHVARSADIQFCKSFWSLLETDISSGVTDFVSSCNKSVINVVASAGTKVVDIGSKVMSACMSRMSLLSGFILQVNSVLKIEPVPIELPKTDSKGKETLCIEAPSIYSGLTNLQFRLLSFDLLQGQEKLLKDHLIIRLPSKAQPPSPNLLFHIHGGGFVAQSSKSHEVYLRQWAHDLKVPIVSVDYSLAPENPFPRALEECFYLYAWVLKNPEQVGWTGERICFTGDSAGGNLVLAVTLRAIDSNIRIPDGILAVYTSALISIVPSPSRLLSVMDPLLPVGVMLKCLDAYIGTSTVSSDYCNQPVLEEDCETPSTEKDEDSLDNSRKIKDVSNYDCETSESLSSDLTEFFSPDDSDDDDEDDGGGGGGDDQKTNSHLPKQYLPHESYYIPGADLPLSSASSPGHVPHPDGHLPRSLSTPVFNKTENVLRPPHHSSFDSSNVQSAMERFLKLTLIQNPLVSPIYATDKQLQMFPEVSLVTCHLDPLLDDSVMLCKRLRQLGKTADFTVLDDLPHGFLNFVLVSKDARQGSNVCVEKLRKLFNLI,5,ChEBI,46898; 16113,33875,[H][C@@]1(CC[C@@]2([H])[C@]3([H])CC=C4C[C@H](CC[C@]4(C)[C@@]3([H])CC[C@]12C)OC(=O)CCCCCCC\C=C/CCCCCCCC)[C@H](C)CCCC(C)C; C1[C@@]2([C@]3(CC[C@]4([C@]([C@@]3(CC=C2C[C@H](C1)O)[H])(CC[C@@]4([C@H](C)CCCC(C)C)[H])[H])C)[H])C,1.2363088,-7.7363634,46
A0A2K5Q4V2,A0A2K5Q4V2_CEBIM,Sterol carrier protein 2 (EC 2.3.1.155) (EC 2.3.1.176) (Acetyl-CoA C-myristoyltransferase) (Non-specific lipid-transfer protein) (Propanoyl-CoA C-acyltransferase) (SCP-2/3-oxoacyl-CoA thiolase) (SCP-2/thiolase) (SCP-chi) (Sterol carrier protein X),,Cebus imitator (Panamanian white-faced capuchin) (Cebus capucinus imitator),480,FKKPGAENSSDYPDLAREAGQKALADAQIPYSAVDQACVGYVFGVAECVLALGFEKMEKGGLGMKFSDRTNPLDKHLDLLIDKYGLSAHPVAPQMFGLAGKEHIEKYGTKIEHFAKIGWKNHKHSVNNPYSQFQDEYSLDEVMASKKVFDFLTILQCCPTSDGAAAAILASEAFVQKYGLQSKAVEILAQEMMTDLPSSFEEKSMIKMVGFDMSKEAARKCYEKSGLTPSDIDVIELHDCFSANELLTYEALGLCPEGQGGTLVDRGDNTYGGKWVINPSGGLISKGHPLGATGLAQCAELCWQLRGEAGKRQVPGAKVALQHNLGLGGAVVVTLYKMGFPEAASSFRTHQIEAAPTSSASDGFKANLVFKEIEKKLEEEGEEFVKKIGGIFAFKVKDGPGGKEATWVVDVKNGKGSVLPNSDKKADCTITMADSDLLALMTGKMNPQSAFFQGKLKITGNMGLAMKLQTLQLQPGKAKL,5,ChEBI,17759,62960,[H][C@@]1(CC[C@@]2([H])C3=CC=C4C[C@@H](O)CC[C@]4(C)[C@@]3([H])CC[C@]12C)[C@H](C)CCCC(C)C,10.199625,11.302494,47